,index,LoanAmount,City,State,Zip,NAICSCode,BusinessType,RaceEthnicity,Gender,Veteran,NonProfit,JobsRetained,DateApproved,Lender,CD
0,4,,SIMSBURY,,,,,,,,,,,,
1,62,,SOUTHINGTON,,,,,,,,,,,,
2,81,,,,,,,,,,,,,PeoplesBank,
3,88,,COLLINSVILLE,,,,,,,,,,,,
4,112,,NEW HAVEN,,,,,,,,,,,,
5,141,,,,,,,,,,,,,PeoplesBank,
6,154,,NORTH STONINGTON,,,,,,,,,,,,
7,224,,,,,,,,,,,,,PeoplesBank,
8,239,,,,,,,,,,,,,PeoplesBank,
9,258,,FRANKLIN,,,,,,,,,,,,
10,294,,,,,,,,,,,,,PeoplesBank,
11,389,,FAIRFIELD,,,,,,,,,,,,
12,428,,COLLINSVILLE,,,,,,,,,,,,
13,495,,SOUTH NORWALK,,,,,,,,,,,,
14,523,,ROCKVILLE,,,,,,,,,,,,
15,607,,,,,,,,,,,,,Enterprise Bank and Trust Company,
16,712,,LISBON,,,,,,,,,,,,
17,863,,GROTON,,,,,,,,,,,,
18,911,,BERLIN,,,,,,,,,,,,
19,946,,S GLASTONBURY,,,,,,,,,,,,
20,951,,,,,,,,,,,,,Citizens Bank,
21,987,,,,,,,,,,,,,PeoplesBank,
22,1041,,COLLINSVILLE,,,,,,,,,,,,
23,1080,,VERNON,,,,,,,,,,,,
24,1083,,VERNON,,,,,,,,,,,,
25,1101,,YALESVILLE,,,,,,,,,,,,
26,1142,,NORTHAMPTON,,,,,,,,,,,,
27,1161,,WASHINGTON DT,,,,,,,,,,,,
28,1279,,"BETHEL, CT",,,,,,,,,,,,
29,1292,,,,,,,,,,,,,PeoplesBank,
30,1299,,,,64710.0,,,,,,,,,,CT -
31,1358,,,,,,,,,,,,,,CT -
32,1403,,,,,,,,,,,,,,CT -
33,1448,,WETHERSFIELD,,,,,,,,,,,,
34,1514,,VERNON,,,,,,,,,,,,
35,1545,,,,,,,,,,,,,,CT -
36,1550,,COLLINSVILLE,,,,,,,,,,,,
37,1571,,TRUMBEULL,,,,,,,,,,,,
38,1596,,,,,,,,,,,,,,CT -
39,1605,,,,,,,,,,,,,,CT -
40,1614,,VERNON,,,,,,,,,,,,
41,1631,,BERLIN,,,,,,,,,,,,
42,1637,,,,,314991.0,,,,,,,,,
43,1731,,BARKHAMSTED,,,,,,,,,,,,
44,1758,,NEW HAVEN,,,,,,,,,,,,
45,1825,,BRISSTOL,,,,,,,,,,,,
46,1850,,GRISWOLD,,,,,,,,,,,,
47,1916,,,,,,,,,,,,,PeoplesBank,
48,1942,,NEW PRESTON,,,,,,,,,,,,
49,2018,,,,,,,,,,,,,,CT -
50,2073,,MIDDLETOWN,,,,,,,,,,,,
51,2159,,ROCKYHILL,,,,,,,,,,,,
52,2166,,,,,,,,,,,,,,CT -
53,2194,,WALLINGFORD,,,,,,,,,,,,
54,2241,,NORTH HAVEN,,,,,,,,,,,,
55,2362,,,,12345.0,,,,,,,,,,CT - 20
56,2368,,,,,,,,,,,,,PeoplesBank,
57,2392,,NEW HAVEN,,,,,,,,,,,,
58,2458,,NOWALK,,,,,,,,,,,,
59,2508,,VERNON,,,,,,,,,,,,
60,2578,,EAST HAVEN,,,,,,,,,,,,
61,2580,,,,,,,,,,,,,,CT -
62,2584,,OLD SAYBROOK,,,,,,,,,,,,
63,2595,,LISBON,,,,,,,,,,,,
64,2601,,,,,,,,,,,,,PeoplesBank,
65,2605,,WEATHERSFIELD,,,,,,,,,,,,
66,2609,,,,,323110.0,,,,,,,,,
67,2623,,NEW HAVEN,,,,,,,,,,,,
68,2651,,COLLINSVILLE,,,,,,,,,,,,
69,2660,,LISBON,,,,,,,,,,,,
70,2684,,PLAINVILLE,,,,,,,,,,,,
71,2687,,COLLINSVILLE CT,,,,,,,,,,,,
72,2710,,DABURY,,,,,,,,,,,,
73,2711,,,,,722110.0,,,,,,,,,
74,2734,,VERNON,,,,,,,,,,,,
75,2826,,,,,541712.0,,,,,,,,,
76,2843,,,,,,,,,,,,,,CT -
77,2851,,,,,517210.0,,,,,,,,,
78,2898,,NORTH HAVEN,,,,,,,,,,,,
79,2905,,FARMINGTON,,,,,,,,,,,,
80,2921,,FARMINGTON,,,,,,,,,,,,
81,2927,,"WILTON,",,,,,,,,,,,,
82,2963,,,,,,,,,,,,,PeoplesBank,
83,2965,,,,,517110.0,,,,,,,,,
84,3009,,,,,,,,,,,,,PeoplesBank,
85,3021,,BRISTOL CT,,,,,,,,,,,,
86,3118,,EAST HAVEN,,,,,,,,,,,,
87,3150,,COLLINSVILLE,,,,,,,,,,,,
88,3255,,MYSTIC,,,,,,,,,,,,
89,3408,,,,,,,,,,,,,,CT -
90,3418,,"CHESHIRE,",,,,,,,,,,,,
91,3446,,,,,,,,,,,,,PeoplesBank,
92,3456,,,,,,,,,,,,,PeoplesBank,
93,3470,,EAST HARTFORD,,,,,,,,,,,,
94,3551,,CT,,,,,,,,,,,,
95,3564,,BERIN,,,,,,,,,,,,
96,3630,,,,11111.0,,,,,,,,,,CT -
97,3646,,,,,517110.0,,,,,,,,,
98,3663,,,,,,,,,,,,,PeoplesBank,
99,3685,,COLLINSVILLE,,,,,,,,,,,,
100,3717,,VERNON,,,,,,,,,,,,
101,3718,,,,,,,,,,,,,,CT -
102,3742,,HARTFORD,,,,,,,,,,,,
103,3755,,VERNON,,,,,,,,,,,,
104,3758,,ROCKVILLE,,,,,,,,,,,,
105,3783,,BRDGEPORT,,,,,,,,,,,,
106,3828,,ROCKVILLE,,,,,,,,,,,,
107,3897,,KENSINGTON,,,,,,,,,,,,
108,4010,,EAST HAVEN,,,,,,,,,,,,
109,4017,,BARKHAMSTED,,,,,,,,,,,,
110,4023,,SHERMAN CT,,,,,,,,,,,,
111,4048,,NORTH HAVEN,,,,,,,,,,,,
112,4049,,KENSINGTON,,,,,,,,,,,,
113,4052,,,,,,,,,,,,,,CT -
114,4072,,,,,541711.0,,,,,,,,,
115,4073,,GREENWICH,,,,,,,,,,,,
116,4075,,CT,,,,,,,,,,,,
117,4100,,EAST HAVEN,,,,,,,,,,,,
118,4127,,VERNON,,,,,,,,,,,,
119,4139,,CHESHIRE,,,,,,,,,,,,
120,4143,,,,,454111.0,,,,,,,,,
121,4194,,EAST GREENWICH,,,,,,,,,,,,
122,4232,,,,,541712.0,,,,,,,,,
123,4237,,"STAMFORD, CT",,,,,,,,,,,,
124,4364,,WINCHESTER,,,,,,,,,,,,
125,4395,,,,,,,,,,,,,,CT -
126,4406,,,,,,,,,,,,,PeoplesBank,
127,4430,,,,,,,,,,,,,,CT -
128,4443,,,,,,,,,,,,,PeoplesBank,
129,4474,,,,,,,,,,,,,PeoplesBank,
130,4486,,,,,,,,,,,,,,CT -
131,4498,,"WEST HAVEN, CT",,,,,,,,,,,,
132,4502,,HARFORD,,,,,,,,,,,,
133,4591,,,,,,,,,,,,,,CT -
134,4601,,BARKHAMSTED,,,,,,,,,,,,
135,4634,,ROWAYTON,,,,,,,,,,,,
136,4721,,EAST HAVEN CT,,,,,,,,,,,,
137,4735,,MARKBOROUGH,,,,,,,,,,,,
138,4741,,WATERBURY,,,,,,,,,,,,
139,4742,,COS COB,,,,,,,,,,,,
140,4764,,BARKHAMSTED,,,,,,,,,,,,
141,4782,,CT,,,,,,,,,,,,
142,4827,,NEW HAVEN,,,,,,,,,,,,
143,4858,,,,,,,,,,,,,PeoplesBank,
144,4868,,SEYMOUR,,,,,,,,,,,,
145,4884,,UNION,,,,,,,,,,,,
146,4890,,VERNON,,,,,,,,,,,,
147,4936,,NEW HAVEN,,,,,,,,,,,,
148,4981,,EAST HAVEN,,,,,,,,,,,,
149,5040,,NEW HAVEN,,,,,,,,,,,,
150,5079,,NEW  BRITAIN,,,,,,,,,,,,
151,5088,,,,,532299.0,,,,,,,,,
152,5101,,,,,,,,,,,,,PeoplesBank,
153,5159,,NEWTWON,,,,,,,,,,,,
154,5206,,WARREN,,,,,,,,,,,,
155,5219,,NORWALK,,,,,,,,,,,,
156,5250,,,,,,,,,,,,,Citizens Bank,
157,5321,,VERNON,,,,,,,,,,,,
158,5351,,MIDDLEBURY,,,,,,,,,,,,
159,5402,,NEW HAVEN,,,,,,,,,,,,
160,5406,,EAST HAVEN,,,,,,,,,,,,
161,5443,,,,,,,,,,,,,,CT -
162,5487,,NEW HAVEN,,,,,,,,,,,,
163,5540,,,,,,,,,,,,,PeoplesBank,
164,5566,,,,,,,,,,,,,,CT -
165,5582,,STAMFORD,,,,,,,,,,,,
166,5678,,UNION,,,,,,,,,,,,
167,5729,,,,,,,,,,,,,PeoplesBank,
168,5814,,MIDDLETOWNQ,,,,,,,,,,,,
169,5822,,ESSEX,,,,,,,,,,,,
170,5887,,COS COB,,,,,,,,,,,,
171,5895,,COLLINSVILLE,,,,,,,,,,,,
172,5937,,VERNON,,,,,,,,,,,,
173,5960,,,,,722110.0,,,,,,,,,
174,5985,,VERNON,,,,,,,,,,,,
175,6042,,MANSFIELD,,,,,,,,,,,,
176,6069,,VERNON,,,,,,,,,,,,
177,6096,,BRANFORD,,,,,,,,,,,,
178,6201,,NIANTIC,,,,,,,,,,,,
179,6208,,MANCHESTER,,,,,,,,,,,,
180,6228,,ROWAYTON,,,,,,,,,,,,
181,6304,,VERNON,,,,,,,,,,,,
182,6355,,BARKHAMSTED,,,,,,,,,,,,
183,6378,,N.FRANKLIN,,,,,,,,,,,,
184,6413,,W HAVEN,,,,,,,,,,,,
185,6424,,NEW HAVEN,,,,,,,,,,,,
186,6457,,LYME,,,,,,,,,,,,
187,6462,,MANSFIELD,,,,,,,,,,,,
188,6464,,,,,722211.0,,,,,,,,,
189,6471,,SOUTH RYEGATE,,,,,,,,,,,,
190,6487,,KENSINGTON,,,,,,,,,,,,
191,6539,,MILFORD,,,,,,,,,,,,
192,6544,,,,,532299.0,,,,,,,,,
193,6549,,,,,322233.0,,,,,,,,,
194,6561,,,,,517910.0,,,,,,,,,
195,6611,,VERNON,,,,,,,,,,,,
196,6731,,,,,,,,,,,,,Citizens Bank,
197,6794,,NEW BRITIAN,,,,,,,,,,,,
198,6835,,NEWINGTON,,,,,,,,,,,,
199,6849,,UNION,,,,,,,,,,,,
200,6912,,KENSINGTON,,,,,,,,,,,,
201,6927,,EAST HAVEN,,,,,,,,,,,,
202,6970,,STRATFORD,,,,,,,,,,,,
203,6977,,NEWHAVEN,,,,,,,,,,,,
204,6989,,06511,,,,,,,,,,,,
205,7015,,,,,,,,,,,,,,CT -
206,7032,,,,,,,,,,,,,PeoplesBank,
207,7035,,KENSINGTON,,,,,,,,,,,,
208,7054,,,,,333298.0,,,,,,,,,
209,7076,,COLLINSVILLE,,,,,,,,,,,,
210,7125,,NEW HAVEN,,,,,,,,,,,,
211,7137,,,,,,,,,,,,,PeoplesBank,
212,7181,,,,,452990.0,,,,,,,,,
213,7189,,,,,722110.0,,,,,,,,,
214,7193,,CT,,,,,,,,,,,,
215,7243,,BRIDGEPORT,,,,,,,,,,,,
216,7255,,NEW BRITIAN,,,,,,,,,,,,
217,7317,,,,,722110.0,,,,,,,,,
218,7345,,,,,,,,,,,,,PeoplesBank,
219,7382,,,,,,,,,,,,,,CT -
220,7388,,BETHEL,,,,,,,,,,,,
221,7391,,,,,,,,,,,,,PeoplesBank,
222,7452,,,,,,,,,,,,,PeoplesBank,
223,7512,,RIVERSDIE,,,,,,,,,,,,
224,7522,,VERNON,,,,,,,,,,,,
225,7545,,LYME,,,,,,,,,,,,
226,7584,,,,,452990.0,,,,,,,,,
227,7602,,NEWTON,,,,,,,,,,,,
228,7622,,,,,722110.0,,,,,,,,,
229,7630,,WHITNEYVILLE,,,,,,,,,,,,
230,7668,,,,,,,,,,,,,PeoplesBank,
231,7778,,,,,,,,,,,,,,CT -
232,7780,,FORESTVILLE,,,,,,,,,,,,
233,7818,,CT,,,,,,,,,,,,
234,7846,,,,,,,,,,,,,,CT -
235,7857,,GOSHEN,,,,,,,,,,,,
236,7862,,BARKHAMSTED,,,,,,,,,,,,
237,7891,,PAWCATUCK,,,,,,,,,,,,
238,7919,,VERNON,,,,,,,,,,,,
239,7979,,VERNON,,,,,,,,,,,,
240,8009,,WEST HARTFORD,,,,,,,,,,,,
241,8047,,"FARMINGTON,",,,,,,,,,,,,
242,8120,,E HARTFORD,,,,,,,,,,,,
243,8126,,YALESVILLE,,,,,,,,,,,,
244,8130,,WOODBURY,,,,,,,,,,,,
245,8177,,EAST BELRIN,,,,,,,,,,,,
246,8219,,WEST HARTFORD,,,,,,,,,,,,
247,8256,,EAST HAVEN,,,,,,,,,,,,
248,8296,,KENSINGTON,,,,,,,,,,,,
249,8312,,WOLCOTTTT,,,,,,,,,,,,
250,8338,,VERNON,,,,,,,,,,,,
251,8394,,BARKHAMSTED,,,,,,,,,,,,
252,8518,,EAST BERLIN,,,,,,,,,,,,
253,8533,,COLLINSVILLE,,,,,,,,,,,,
254,8536,,,,,,,,,,,,,PeoplesBank,
255,8563,,BARKHAMSTED,,,,,,,,,,,,
256,8599,,HADLYME,,,,,,,,,,,,
257,8609,,OLDSAYBROOK,,,,,,,,,,,,
258,8668,,,,,541712.0,,,,,,,,,
259,8816,,OLD SAYBROOK,,,,,,,,,,,,
260,8817,,,,,,,,,,,,,,CT -
261,8820,,WINDSOR,,,,,,,,,,,,
262,8823,,W HARTFORD,,,,,,,,,,,,
263,8834,,NEW HAVEN,,,,,,,,,,,,
264,8857,,CT,,,,,,,,,,,,
265,8869,,MYSTIC,,,,,,,,,,,,
266,8877,,VERNON,,,,,,,,,,,,
267,8935,,WARREN,,,,,,,,,,,,
268,8936,,NEW HAVEN,,,,,,,,,,,,
269,8962,,CT,,,,,,,,,,,,
270,9022,,SOUTH NORWALK,,,,,,,,,,,,
271,9079,,WATERTOWN,,,,,,,,,,,,
272,9086,,COLLINSVILLE,,,,,,,,,,,,
273,9095,,STAMFORD,,,,,,,,,,,,
274,9118,,CT,,,,,,,,,,,,
275,9234,,,,,,,,,,,,,PeoplesBank,
276,9303,,NEW HAVEN,,,,,,,,,,,,
277,9407,,VERNON,,,,,,,,,,,,
278,9539,,COLLINSVILLE,,,,,,,,,,,,
279,9629,,W. HARTFORD,,,,,,,,,,,,
280,9649,,,,,,,,,,,,,Citizens Bank,
281,9655,,,,,541712.0,,,,,,,,,CT -
282,9667,,GRISWOLD,,,,,,,,,,,,
283,9691,,"NORWALK,",,,,,,,,,,,,
284,9716,,BRIDGEPORT,,,,,,,,,,,,
285,9741,,S WINDSOR,,,,,,,,,,,,
286,9766,,,,,,,,,,,,,PeoplesBank,
287,9804,,PROPSECT,,,,,,,,,,,,
288,9861,,WEST HAVEN,,,,,,,,,,,,
289,9866,,EAST HAVEN,,,,,,,,,,,,
290,9872,,OXXFORD,,,,,,,,,,,,
291,9879,,"WESTPORT,",,,,,,,,,,,,
292,9894,,COLLINSVILLE,,,,,,,,,,,,
293,9913,,,,,,,,,,,,,,CT -
294,9926,,WATERTOWN,,,,,,,,,,,,
295,10003,,VERNON,,,,,,,,,,,,
296,10004,,MYSITC,,,,,,,,,,,,
297,10010,,,,,,,,,,,,,,CT -
298,10017,,NEW MILFORD,,,,,,,,,,,,
299,10022,,COLLINSVILLE,,,,,,,,,,,,
300,10052,,NEW HAVEN,,,,,,,,,,,,
301,10094,,,,,,,,,,,,,PeoplesBank,
302,10095,,DURHAM,,,,,,,,,,,,
303,10142,,MANSFIELD,,,,,,,,,,,,
304,10147,,,,,,,,,,,,,,CT -
305,10231,,,,,541712.0,,,,,,,,,
306,10284,,CT,,,,,,,,,,,,
307,10295,,COLLINSVILLE,,,,,,,,,,,,
308,10297,,WARREN,,,,,,,,,,,,
309,10329,,WINSTEAD,,,,,,,,,,,,
310,10387,,,,,541712.0,,,,,,,,,CT -
311,10389,,NORWICH,,,,,,,,,,,,
312,10441,,NEW HAVEN,,,,,,,,,,,,
313,10458,,COLLINSVILLE,,,,,,,,,,,,
314,10459,,KENSINGTON,,,,,,,,,,,,
315,10485,,GLASTONBURY,,,,,,,,,,,,
316,10548,,PAINVILLE,,,,,,,,,,,,
317,10658,,STORRS,,,,,,,,,,,,
318,10673,,EAST HAVEN,,,,,,,,,,,,
319,10769,,CT,,,,,,,,,,,,
320,10797,,BRIDGEPORT,,,,,,,,,,,,
321,10798,,NEW HAVEN,,,,,,,,,,,,
322,10853,,BRISTOL  CT,,,,,,,,,,,,
323,10911,,,,,722110.0,,,,,,,,,
324,10926,,,,,,,,,,,,,PeoplesBank,
325,10938,,,,,,,,,,,,,Citizens Bank,
326,10980,,,,,,,,,,,,,,CT -
327,11004,,WEST CORNWELL,,,,,,,,,,,,
328,11014,,SHELTON,,,,,,,,,,,,
329,11019,,WINDHAM,,,,,,,,,,,,
330,11021,,EAST HAVEN,,,,,,,,,,,,
331,11061,,NEW BRITAN,,,,,,,,,,,,
332,11096,,,,,,,,,,,,,PeoplesBank,
333,11097,,BLACK ROCK,,,,,,,,,,,,
334,11149,,VERNON,,,,,,,,,,,,
335,11169,,NOANK,,,,,,,,,,,,
336,11179,,,,,,,,,,,,,,CT -
337,11181,,WEST HARTFORD,,,,,,,,,,,,
338,11194,,KENSINGTON,,,,,,,,,,,,
339,11222,,HARTFORD,,,,,,,,,,,,
340,11282,,,,,,,,,,,,,,CT -
341,11347,,WASHINGTON DEPOT,,,,,,,,,,,,
342,11496,,,,,,,,,,,,,PeoplesBank,
343,11504,,BRISTOL,,,,,,,,,,,,
344,11550,,NEW BRITIAN,,,,,,,,,,,,
345,11567,,,,,,,,,,,,,,CT -
346,11586,,MIDDLEFIELD,,,,,,,,,,,,
347,11617,,GAYLORDVILLE,,,,,,,,,,,,
348,11620,,ROCKVILLE,,,,,,,,,,,,
349,11729,,HUNTINGTON,,,,,,,,,,,,
350,11731,,NEW HAVEN,,,,,,,,,,,,
351,11735,,VERNON,,,,,,,,,,,,
352,11757,,WATERBURY,,,,,,,,,,,,
353,11799,,KENSINGTON,,,,,,,,,,,,
354,11817,,,,,,,,,,,,,Citizens Bank,
355,11818,,,,,235990.0,,,,,,,,,
356,11838,,LISBON,,,,,,,,,,,,
357,11853,,,,,,,,,,,,,PeoplesBank,
358,11956,,EAST BERLIN,,,,,,,,,,,,
359,11980,,KENSINGTON,,,,,,,,,,,,
360,12009,,,,,452990.0,,,,,,,,,
361,12121,,UNION,,,,,,,,,,,,
362,12130,,GOTON,,,,,,,,,,,,
363,12141,,RAIRFIELD,,,,,,,,,,,,
364,12170,,WOODBURY,,,,,,,,,,,,
365,12176,,WARREN,,,,,,,,,,,,
366,12195,,,,,,,,,,,,,Citizens Bank,
367,12289,,SHELTON,,,,,,,,,,,,
368,12314,,W HARTFORD,,,,,,,,,,,,
369,12332,,HUNTINGTON,,,,,,,,,,,,
370,12341,,NEW HAVEN,,,,,,,,,,,,
371,12361,,,,,,,,,,,,,PeoplesBank,
372,12440,,KENSINGTON,,,,,,,,,,,,
373,12502,,CT,,,,,,,,,,,,
374,12531,,,,,,,,,,,,,PeoplesBank,
375,12539,,MANSFIELD,,,,,,,,,,,,
376,12542,,ROCKY HILL,,,,,,,,,,,,
377,12566,,CT,,,452990.0,,,,,,,,,
378,12595,,VERNON,,,,,,,,,,,,
379,12596,,KENSINGTON,,,,,,,,,,,,
380,12605,,EAST HAVEN,,,,,,,,,,,,
381,12666,,WETHERSFIELD,,,,,,,,,,,,
382,12674,,CENTRAL VILLAGE,,,,,,,,,,,,
383,12682,,,,,,,,,,,,,,CT -
384,12708,,VERNON,,,,,,,,,,,,
385,12718,,WATERFORD,,,,,,,,,,,,
386,12732,,W. HARTFORD,,,,,,,,,,,,
387,12783,,CT,,,,,,,,,,,,
388,12784,,EAST HAVEN,,,,,,,,,,,,
389,12793,,,,,,,,,,,,,PeoplesBank,
390,12801,,WOODBRIDGE,,,,,,,,,,,,
391,12848,,MIDDLETOWN,,,,,,,,,,,,
392,12855,,COLLINSVILLE,,,,,,,,,,,,
393,12867,,BRISTOL,,,,,,,,,,,,
394,12901,,SHELTON,,,,,,,,,,,,
395,12904,,,,,,,,,,,,,PeoplesBank,
396,12937,,STAMFORD,,,,,,,,,,,,
397,12943,,EAST HAVEN,,,,,,,,,,,,
398,12991,,STARTFROD,,,,,,,,,,,,
399,13004,,,,,452990.0,,,,,,,,,
400,13034,,SOURTH MERIDEN,,,,,,,,,,,,
401,13051,,BARKHAMSTED,,,,,,,,,,,,
402,13075,,COLLINSVILLE,,,,,,,,,,,,
403,13098,,COLLINSVILLE,,,,,,,,,,,,
404,13190,,JOSEPH SZARMACH,,,,,,,,,,,,
405,13251,,NEW HAVEN,,,,,,,,,,,,
406,13272,,ENFILED,,,,,,,,,,,,
407,13317,,,,,,,,,,,,,PeoplesBank,
408,13342,,MIDDLETOWN,,,,,,,,,,,,
409,13401,,,,,,,,,,,,,"Peoples National Bank, National Association",
410,13418,,FAIRFIELD,,,,,,,,,,,,
411,13503,,NEW HAVEN,,,,,,,,,,,,
412,13523,,SOUTH NORWALK,,,,,,,,,,,,
413,13524,,06108,,,,,,,,,,,,
414,13531,,,,,,,,,,,,,Citizens Bank,
415,13569,,ROCKVILLE,,,,,,,,,,,,
416,13575,,,,,,,,,,,,,,CT -
417,13578,,BARKHAMSTED,,,,,,,,,,,,
418,13580,,WARERTOWN,,,,,,,,,,,,
419,13612,,EAST HAVEN,,,,,,,,,,,,
420,13664,,VERNON,,,,,,,,,,,,
421,13698,,WOODBRIDGE,,,,,,,,,,,,
422,13786,,06460,,,,,,,,,,,,
423,13884,,"MANSFIELD, CT.",,,,,,,,,,,,
424,13903,,EAST HADDAM,,,,,,,,,,,,
425,13919,,VERNON,,,,,,,,,,,,
426,13962,,EAST HARTFORD,,,,,,,,,,,,
427,13976,,VERNON,,,,,,,,,,,,
428,13994,,,,,454113.0,,,,,,,,,
429,14018,,GREENWICH,,,,,,,,,,,,
430,14067,,NEW CANNAN,,,,,,,,,,,,
431,14094,,WILLIMANTIC,,,,,,,,,,,,
432,14111,,E WINDSOR,,,,,,,,,,,,
433,14123,,WARREN,,,,,,,,,,,,
434,14185,,KENSINGTON,,,,,,,,,,,,
435,14388,,LISBON,,,,,,,,,,,,
436,14393,,WARREN,,,,,,,,,,,,
437,14394,,WILLLIMANTIC,,,,,,,,,,,,
438,14425,,WEST HARYTFIRD,,,,,,,,,,,,
439,14435,,BRANFORD,,,,,,,,,,,,
440,14452,,CT,,,,,,,,,,,,
441,14456,,BARKHAMSTED,,,,,,,,,,,,
442,14504,,,,,,,,,,,,,Citizens Bank,
443,14522,,S. MERIDEN,,,,,,,,,,,,
444,14527,,,,,,,,,,,,,,CT -
445,14568,,WINDHAM,,,,,,,,,,,,
446,14604,,VERNON,,,,,,,,,,,,
447,14618,,WALLINGFORD,,,,,,,,,,,,
448,14635,,,,,,,,,,,,,,CT -
449,14655,,"CROMWELL,",,,,,,,,,,,,
450,14672,,WARREN,,,,,,,,,,,,
451,14683,,COLLINSVILLE,,,,,,,,,,,,
452,14770,,,,,454111.0,,,,,,,,,
453,14800,,NEW HAVEN,,,,,,,,,,,,
454,14849,,BARKHAMSTED,,,,,,,,,,,,
455,14858,,GUILFORD CT,,,,,,,,,,,,
456,14868,,WARREN,,,,,,,,,,,,
457,14873,,KENSINGTON,,,,,,,,,,,,
458,14887,,LYME,,,,,,,,,,,,
459,14889,,NEW HAVEN,,,,,,,,,,,,
460,14938,,SUITE A,,,,,,,,,,,,
461,15006,,HARTFORD,,,,,,,,,,,,
462,15050,,VERNON,,,,,,,,,,,,
463,15060,,SOUTH WINDSOR CT,,,,,,,,,,,,
464,15064,,BOTON,,,,,,,,,,,,
465,15098,,KEVIN A LINDELL,,,,,,,,,,,,
466,15117,,NORWA,,,,,,,,,,,,
467,15174,,,,,541712.0,,,,,,,,,
468,15236,,GREENWICH,,,,,,,,,,,,
469,15239,,"STAMFORD, CT",,,,,,,,,,,,
470,15243,,STAMFORD,,,,,,,,,,,,
471,15261,,SOUTH WINSOR,,,,,,,,,,,,
472,15327,,VERNON,,,,,,,,,,,,
473,15345,,MIDDOETOWN,,,,,,,,,,,,
474,15350,,SOUTH WINDSOR,,,,,,,,,,,,
475,15548,,MILFORD,,,,,,,,,,,,
476,15558,,PLANVILLE,,,,,,,,,,,,
477,15699,,,,,,,,,,,,,PeoplesBank,
478,15735,,LYME,,,,,,,,,,,,
479,15744,,VERNON,,,,,,,,,,,,
480,15745,,SUFFIELD,,,,,,,,,,,,
481,15747,,NEW CANAAN,,,,,,,,,,,,
482,15807,,KENSINGTON,,,,,,,,,,,,
483,15963,,WALLINGFORD,,,,,,,,,,,,
484,15997,,,,,,,,,,,,,,CT -
485,16104,,COLLINSVILLE,,,,,,,,,,,,
486,16131,,WESTPORT,,,,,,,,,,,,
487,16190,,CHESHIRE,,,,,,,,,,,,
488,16228,,CT,,,,,,,,,,,,
489,16254,,LISBON,,,,,,,,,,,,
490,16295,,LITCHFIELD,,,,,,,,,,,,
491,16326,,VERNON,,,,,,,,,,,,
492,16359,,VERNON,,,,,,,,,,,,
493,16465,,,,,,,,,,,,,,CT -
494,16492,,NEW PRESTON,,,,,,,,,,,,
495,16498,,,,,517210.0,,,,,,,,,
496,16516,,EAST HAVEN,,,,,,,,,,,,
497,16555,,,,,,,,,,,,,Citizens Bank,
498,16556,,,,,,,,,,,,,PeoplesBank,
499,16570,,BETHANY,,,,,,,,,,,,
500,16597,,VERNON,,,,,,,,,,,,
501,16617,,GRISWOLD,,,,,,,,,,,,
502,16633,,HARTFORD,,,,,,,,,,,,
503,16647,,EAST HAVEN,,,,,,,,,,,,
504,16677,,WEST HARTFORD,,,,,,,,,,,,
505,16688,,LYME,,,,,,,,,,,,
506,16713,,MIDDLETOWN,,,,,,,,,,,,
507,16724,,JANET GEARY,,,,,,,,,,,,
508,16725,,WEST HARTFORD,,,,,,,,,,,,
509,16736,,,,,,,,,,,,,PeoplesBank,
510,16803,,WETHERSFIELD,,,,,,,,,,,,
511,16834,,,,,722211.0,,,,,,,,,
512,16870,,GROTON,,,,,,,,,,,,
513,16882,,SIMSBURY,,,,,,,,,,,,
514,16887,,EAST HAVEN,,,,,,,,,,,,
515,16890,,CT,,,,,,,,,,,,
516,16921,,STAFFORD,,,,,,,,,,,,
517,16945,,EAST HARTFORD,,,,,,,,,,,,
518,16951,,EAST HAVEN,,,,,,,,,,,,
519,16971,,EAST HARTFORD,,,,,,,,,,,,
520,16991,,LYME,,,,,,,,,,,,
521,17038,,,,,,,,,,,,,PeoplesBank,
522,17067,,GLASTONBURY,,,,,,,,,,,,
523,17068,,CT,,,,,,,,,,,,
524,17079,,VERNON,,,,,,,,,,,,
525,17175,,NEW PRESTON,,,,,,,,,,,,
526,17181,,COLLINSVILLE,,,,,,,,,,,,
527,17203,,KENSINGTON,,,,,,,,,,,,
528,17212,,,,,,,,,,,,,PeoplesBank,
529,17231,,MERIDEN,,,,,,,,,,,,
530,17267,,CT,,,,,,,,,,,,
531,17358,,COLLINSVILLE,,,,,,,,,,,,
532,17367,,,,,532299.0,,,,,,,,,
533,17382,,KENSINGTON,,,,,,,,,,,,
534,17408,,,,,,,,,,,,,PeoplesBank,
535,17410,,STORRS/MANSFIELD,,,,,,,,,,,,
536,17446,,EAST HAVEN,,,,,,,,,,,,
537,17473,,W HARTFORD,,,,,,,,,,,,
538,17545,,GUILFORD,,,,,,,,,,,,
539,17622,,NEW MIFORD,,,,,,,,,,,,
540,17649,,STAMFORD,,,,,,,,,,,,
541,17660,,MANSFIELD,,,,,,,,,,,,
542,17716,,STORRS,,,,,,,,,,,,
543,17752,,OLD SAYBROOK,,,,,,,,,,,,
544,17772,,STORRS,,,,,,,,,,,,
545,17777,,OLD SAYBROOK,,,,,,,,,,,,
546,17781,,CT,,,,,,,,,,,,
547,17787,,CONNECTICUT,,,,,,,,,,,,
548,17788,,WARREN,,,,,,,,,,,,
549,17816,,NEW HAVEN,,,,,,,,,,,,
550,17870,,NEW BRITAIN,,,,,,,,,,,,
551,17874,,WARREN,,,,,,,,,,,,
552,17953,,FAIFIELD,,,,,,,,,,,,
553,17973,,,,,,,,,,,,,,CT -
554,18019,,NEWINGTON,,,,,,,,,,,,
555,18031,,HARTFORD,,,,,,,,,,,,
556,18038,,YALESVILLE,,,,,,,,,,,,
557,18048,,GARY JAMES WRIGHT,,,,,,,,,,,,
558,18059,,GROTON,,,,,,,,,,,,
559,18119,,,,,,,,,,,,,PeoplesBank,
560,18123,,,,,722211.0,,,,,,,,,
561,18168,,,,,541712.0,,,,,,,,,
562,18186,,,,,,,,,,,,,PeoplesBank,
563,18231,,"NORWALK, CT",,,,,,,,,,,,
564,18257,,STAMFORD,,,,,,,,,,,,
565,18276,,WEST HAVEN,,,,,,,,,,,,
566,18308,,,,16498.0,,,,,,,,,,CT -
567,18310,,COLLINSVILLE,,,,,,,,,,,,
568,18317,,PORTLANT,,,,,,,,,,,,
569,18331,,AVON,,,,,,,,,,,,
570,18350,,VERNON,,,,,,,,,,,,
571,18372,,LISBON,,,,,,,,,,,,
572,18387,,STORRS,,,,,,,,,,,,
573,18389,,EQUITY MANAGEMENT,,,,,,,,,,,,
574,18432,,,,,,,,,,,,,,CT -
575,18442,,NEW HAVEN,,,,,,,,,,,,
576,18502,,MIDDLETWON,,,,,,,,,,,,
577,18538,,,,,,,,,,,,,PeoplesBank,
578,18568,,,,,,,,,,,,,,CT -
579,18606,,WATERDORD,,,,,,,,,,,,
580,18647,,EASTON,,,,,,,,,,,,
581,18731,,,,,,,,,,,,,PeoplesBank,
582,18774,,,,,541710.0,,,,,,,,,
583,18802,,BERLIN,,,,,,,,,,,,
584,18851,,,,,,,,,,,,,,CT -
585,18861,,KENSINGTON,,,,,,,,,,,,
586,18877,,WEST HARTFORD,,,,,,,,,,,,
587,18898,,YALESVILLE,,,,,,,,,,,,
588,18905,,EAST HAVEN,,,,,,,,,,,,
589,18919,,BARKHAMSTED,,,,,,,,,,,,
590,18921,,FAIRIFELD,,,,,,,,,,,,
591,18950,,,,,517210.0,,,,,,,,,
592,18974,,BARKHAMSTED,,,,,,,,,,,,
593,18991,,NEWINGTON,,,,,,,,,,,,
594,19037,,CT,,,,,,,,,,,,
595,19056,,COLLINSVILLE,,,,,,,,,,,,
596,19106,,POMFRET,,,,,,,,,,,,
597,19174,,GRANBY,,,,,,,,,,,,
598,19176,,MANSFIELD,,,,,,,,,,,,
599,19199,,NERWINGTON,,,,,,,,,,,,
600,19209,,LITCHFIELD,,,,,,,,,,,,
601,19235,,EAST HAVEN,,,,,,,,,,,,
602,19243,,"FARMINGTON,",,,,,,,,,,,,
603,19285,,COLLINSVILLE,,,,,,,,,,,,
604,19373,,KENSINGTON,,,,,,,,,,,,
605,19475,,NEW HAVEN,,,,,,,,,,,,
606,19564,,"VERNON,",,,,,,,,,,,,
607,19575,,VERNON,,,,,,,,,,,,
608,19586,,COLLINSVILLE,,,,,,,,,,,,
609,19630,,NORTHFORD,,,,,,,,,,,,
610,19649,,STORRS- MANSFIELD,,,,,,,,,,,,
611,19684,,WARREN,,,,,,,,,,,,
612,19794,,PROSPECT,,,,,,,,,,,,
613,19858,,MIDDLETOWN,,,,,,,,,,,,
614,19950,,WEST HRTFORD,,,,,,,,,,,,
615,19957,,WETHESFIELD,,,,,,,,,,,,
616,19979,,VERNON,,,,,,,,,,,,
617,20034,,EASTPM,,,,,,,,,,,,
618,20099,,,,,,,,,,,,,PeoplesBank,
619,20102,,MANSFIELD,,,,,,,,,,,,
620,20107,,NEW HAVEN,,,,,,,,,,,,
621,20153,,,,,532299.0,,,,,,,,,
622,20169,,GLASTONBURY,,,,,,,,,,,,
623,20183,,06410,,,,,,,,,,,,
624,20185,,BARKHAMSTED,,,,,,,,,,,,
625,20237,,VERNON,,,,,,,,,,,,
626,20253,,MANSFIELD,,,,,,,,,,,,
627,20288,,GLASTONBURY,,,,,,,,,,,,
628,20333,,MIDDLETOWN,,,,,,,,,,,,
629,20369,,VERNON,,,,,,,,,,,,
630,20463,,STORRS,,,,,,,,,,,,
631,20470,,ROCKYHILL,,,,,,,,,,,,
632,20482,,DANBURY,,,,,,,,,,,,
633,20538,,OLD SAYBROOK,,,,,,,,,,,,
634,20621,,VERNON,,,,,,,,,,,,
635,20623,,BARKHAMSTED,,,,,,,,,,,,
636,20725,,MILFORC,,,,,,,,,,,,
637,20744,,NEW BRITAIN,,,,,,,,,,,,
638,20752,,GREEWNICH,,,,,,,,,,,,
639,20772,,FAIRFIELD,,,,,,,,,,,,
640,20806,,NEWINGTOWN,,,,,,,,,,,,
641,20808,,GRISWOLD,,,,,,,,,,,,
642,20822,,,,12345.0,,,,,,,,,,CT - 20
643,20828,,COLLINSVILLE,,,,,,,,,,,,
644,20836,,CT,,,,,,,,,,,,
645,20850,,MANSFIELD,,,,,,,,,,,,
646,20858,,NORWALK,,,,,,,,,,,,
647,20924,,,,,,,,,,,,,PeoplesBank,
648,21046,,,,,,,,,,,,,,CT -
649,21098,,WARREN,,,,,,,,,,,,
650,21173,,N BRANFORD,,,,,,,,,,,,
651,21193,,LYME,,,,,,,,,,,,
652,21200,,,,,,,,,,,,,PeoplesBank,
653,21239,,,,,,,,,,,,,PeoplesBank,
654,21266,,NORTH HEAVEN,,,,,,,,,,,,
655,21287,,,,,,,,,,,,,PeoplesBank,
656,21292,,STORRS,,,,,,,,,,,,
657,21378,,NEW HAVEN,,,,,,,,,,,,
658,21426,,NEW HAVEN,,,,,,,,,,,,
659,21440,,BRISTOL,,,,,,,,,,,,
660,21459,,MIDDLEFIELD,,,,,,,,,,,,
661,21474,,,,,,,,,,,,,PeoplesBank,
662,21475,,,,,,,,,,,,,PeoplesBank,
663,21535,,,,22222.0,,,,,,,,,,CT -
664,21542,,NORWALK,,,,,,,,,,,,
665,21545,,VERNON,,,,,,,,,,,,
666,21553,,,,,532299.0,,,,,,,,,
667,21555,,NOANK,,,,,,,,,,,,
668,21577,,STORRS MANFLD,,,,,,,,,,,,
669,21579,,RIDGEFIELD,,,,,,,,,,,,
670,21586,,STORRS,,,,,,,,,,,,
671,21608,,HARTFORD,,,,,,,,,,,,
672,21620,,NORTH STONINGTON,,,,,,,,,,,,
673,21684,,VERNON,,,,,,,,,,,,
674,21723,,,,,,,,,,,,,,CT -
675,21746,,,,,,,,,,,,,,CT -
676,21756,,,,,,,,,,,,,PeoplesBank,
677,21771,,DANIESLON,,,,,,,,,,,,
678,21778,,KENSINGTON,,,,,,,,,,,,
679,21790,,NEW HAVEN,,,,,,,,,,,,
680,21795,,SUFFILED,,,,,,,,,,,,
681,21818,,NO HAVEN,,,,,,,,,,,,
682,21838,,CT,,,,,,,,,,,,
683,21907,,,,,452111.0,,,,,,,,,
684,21975,,SOUTH WINDSOR,,,,,,,,,,,,
685,22042,,VERNON,,,,,,,,,,,,
686,22096,,EAST HAVEN,,,,,,,,,,,,
687,22148,,CANAAN,,,,,,,,,,,Citizens Bank,
688,22156,,KENSINGTON,,,,,,,,,,,,
689,22195,,GREENWICH,,,,,,,,,,,,
690,22240,,YALESVILLE,,,,,,,,,,,,
691,22253,,BARKHAMSTED,,,,,,,,,,,,
692,22271,,VERNON,,,,,,,,,,,,
693,22274,,OLD GREENWHICH,,,,,,,,,,,,
694,22281,,NEW HAVEN,,,,,,,,,,,,
695,22340,,GREENWICH,,,,,,,,,,,,
696,22351,,FAIRFEILD,,,,,,,,,,,,
697,22365,,STORRS,,,,,,,,,,,,
698,22490,,,,,722211.0,,,,,,,,,
699,22504,,ROCKY HILL,,,,,,,,,,,,
700,22518,,VERNON,,,,,,,,,,,,
701,22521,,ENFIELD,,,,,,,,,,,,
702,22535,,,,,,,,,,,,,PeoplesBank,
703,22537,,NEW HAVEN,,,,,,,,,,,,
704,22561,,WEST HARTFORD,,,,,,,,,,,,
705,22589,,N FRANKLIN,,,,,,,,,,,,
706,22636,,MIDLETOWN,,,,,,,,,,,,
707,22646,,AMSTON,,,,,,,,,,,,
708,22694,,COLLINSVILLE,,,,,,,,,,,,
709,22701,,EAST HAVEN,,,,,,,,,,,,
710,22729,,GLANSTONBURY,,,,,,,,,,,,
711,22733,,KENT,,,,,,,,,,,,
712,22769,,STORRS,,,,,,,,,,,,
713,22792,,BROOKFIELD,,,,,,,,,,,,
714,22811,,BARKHAMSTED,,,,,,,,,,,,
715,22814,,CT,,,,,,,,,,,,
716,22832,,FORESTVILLE,,,,,,,,,,,,
717,22867,,,,12345.0,,,,,,,,,,CT - 20
718,22873,,STORRS,,,,,,,,,,,,
719,22877,,DANBURY,,,,,,,,,,,,
720,22893,,ROWAYTON,,,,,,,,,,,,
721,22912,,NAUGATUCK,,,,,,,,,,,,
722,22937,,NORTH HAVEN,,,,,,,,,,,,
723,22969,,,,,,,,,,,,,PeoplesBank,
724,22979,,EAST HAVEN,,,,,,,,,,,,
725,23006,,VERNON,,,,,,,,,,,,
726,23046,,MAGGIE DROZDOWSKI MAULE,,,,,,,,,,,,
727,23058,,WEST HARTFORD,,,,,,,,,,,,
728,23062,,LYME,,,,,,,,,,,,
729,23085,,MIDDLETOWN,,,,,,,,,,,,
730,23216,,NAUGATUCK,,,,,,,,,,,,
731,23266,,MIDDLETOWN CT,,,,,,,,,,,,
732,23291,,HARTFORD,,,,,,,,,,,,
733,23303,,EAST HAVEN,,,,,,,,,,,,
734,23321,,,,,,,,,,,,,PeoplesBank,
735,23357,,GUIFLORD,,,,,,,,,,,,
736,23424,,VERNON,,,,,,,,,,,,
737,23436,,NEW HAVEN,,,,,,,,,,,,
738,23585,,UNIIONVILLE,,,,,,,,,,,,
739,23595,,BARKHAMSTED,,,,,,,,,,,,
740,23635,,PINE MEADOW,,,,,,,,,,,,
741,23642,,GREENWICH,,,,,,,,,,,,
742,23644,,VERNON,,,,,,,,,,,,
743,23688,,HARTFORD,,,,,,,,,,,,
744,23749,,HAMDEN,,,,,,,,,,,,
745,23764,,WEST SIMSBURY RD,,,,,,,,,,,,
746,23853,,WARREN,,,,,,,,,,,,
747,23868,,MANCHESTER,,,,,,,,,,,,
748,23893,,VERNON,,,,,,,,,,,,
749,23896,,BRANFORD,,,,,,,,,,,,
750,23914,,NEW HAVEN,,,,,,,,,,,,
751,23920,,,,,,,,,,,,,PeoplesBank,
752,23921,,NEW HAVEN,,,,,,,,,,,,
753,23941,,WEST HARFORD,,,,,,,,,,,,
754,23951,,GREENWICH,,,,,,,,,,,,
755,23962,,"NORWALK, CT",,,,,,,,,,,,
756,23997,,WATERBURY,,,,,,,,,,,,
757,24017,,,,,452990.0,,,,,,,,,
758,24076,,"BERLIN,",,,,,,,,,,,,
759,24105,,LISBON,,,,,,,,,,,,
760,24145,,HUNTINGTON,,,,,,,,,,,,
761,24224,,EAST HAVEN,,,,,,,,,,,,
762,24266,,W HARTFORD,,,,,,,,,,,,
763,24276,,,,,452990.0,,,,,,,,,
764,24305,,SOUTH WINDOR,,,,,,,,,,,,
765,24418,,DANBURY CT,,,,,,,,,,,,
766,24448,,OLD LYME,,,,,,,,,,,,
767,24492,,STORRS,,,,,,,,,,,,
768,24493,,STRATFORD,,,,,,,,,,,,
769,24519,,NEWINGTON CT,,,,,,,,,,,,
770,24521,,BARKHAMSTED,,,,,,,,,,,,
771,24543,,LYME,,,,,,,,,,,,
772,24552,,MPONROE,,,,,,,,,,,,
773,24580,,ESSEX,,,,,,,,,,,,
774,24611,,JULIE BOSSENBERRY,,,,,,,,,,,,
775,24616,,,,,722110.0,,,,,,,,,
776,24694,,"NEW LONDON, CT",,,,,,,,,,,,
777,24706,,VERNON,,,,,,,,,,,,
778,24737,,N HAVEN,,,,,,,,,,,,
779,24740,,LYME,,,,,,,,,,,,
780,24758,,HARTFORD,,,,,,,,,,,,
781,24760,,,,,532230.0,,,,,,,,,
782,24777,,EAST HAVEN,,,,,,,,,,,,
783,24800,,,,,,,,,,,,,PeoplesBank,
784,24804,,NEW HAVEN,,,,,,,,,,,,
785,24837,,COLLINSVILLE,,,,,,,,,,,,
786,24864,,VERNON,,,,,,,,,,,,
787,24899,,,,65130.0,,,,,,,,,,CT -
788,24906,,EAST HARTFORD,,,,,,,,,,,,
789,24933,,,,,452990.0,,,,,,,,,
790,24960,,KENSINGTON,,,,,,,,,,,,
791,25016,,"OLD SAYBROOK ,CT",,,,,,,,,,,,
792,25040,,"BRANFORD, CT",,,,,,,,,,,,
793,25095,,"BRIDGEPORT,",,,,,,,,,,,,
794,25108,,EAST HADDAM,,,,,,,,,,,,
795,25155,,KENSINGTON,,,,,,,,,,,,
796,25199,,EAST HAVEN,,,,,,,,,,,,
797,25227,,COLLINSVILLE,,,,,,,,,,,,
798,25262,,,,,722211.0,,,,,,,,,
799,25282,,SHELTON,,,,,,,,,,,,
800,25365,,"GLASTONBURY,",,,,,,,,,,,,
801,25464,,KENSINGTON,,,,,,,,,,,,
802,25505,,WEST HARTFORD,,,,,,,,,,,,
803,25548,,VERNON,,,,,,,,,,,,
804,25562,,VERNON,,,,,,,,,,,,
805,25604,,WEST HARTFORD,,,,,,,,,,,,
806,25631,,,,,,,,,,,,,,CT - 02
807,25654,,LISBON,,,,,,,,,,,,
808,25690,,WEST HARFORD,,,,,,,,,,,,
809,25709,,HARTFORD,,,,,,,,,,,,
810,25713,,HEBRON CT,,,,,,,,,,,,
811,25714,,"ROCKY HILL,",,,,,,,,,,,,
812,25717,,"CROMWELL,",,,,,,,,,,,,
813,25776,,SO. GLASTONBURY,,,,,,,,,,,,
814,25858,,VERNON,,,,,,,,,,,,
815,25868,,CT,,,,,,,,,,,,
816,25894,,VERNON,,,,,,,,,,,,
817,25895,,EAST HARTFORD CT,,,,,,,,,,,,
818,25896,,GREENWICH,,,,,,,,,,,,
819,25898,,VERNON,,,,,,,,,,,,
820,25904,,,,,,,,,,,,,,CT -
821,25909,,ROWAYTON,,,,,,,,,,,,
822,25974,,VERNON,,,,,,,,,,,,
823,25981,,VERNON,,,,,,,,,,,,
824,25986,,CLARISSA CLARKE,,,,,,,,,,,,
825,25992,,MANCHESTER,,,,,,,,,,,,
826,25993,,VERNON,,,,,,,,,,,,
827,26008,,LYME,,,,,,,,,,,,
828,26048,,NEW HAVEN,,,,,,,,,,,,
829,26102,,FAIFIELD,,,,,,,,,,,,
830,26104,,MYSTIC,,,,,,,,,,,,
831,26150,,YALESVILLE,,,,,,,,,,,,
832,26164,,GREENICH,,,,,,,,,,,,
833,26222,,ALLAN FRIEDMAN,,,,,,,,,,,,
834,26238,,EAST HAVEN,,,,,,,,,,,,
835,26249,,EAST HARTORD,,,,,,,,,,,,
836,26276,,BARKHAMSTED,,,,,,,,,,,,
837,26290,,LYME,,,,,,,,,,,,
838,26360,,BEIDGEPORT,,,,,,,,,,,,
839,26387,,NEW HAVEN,,,,,,,,,,,,
840,26399,,GRISWOLD,,,,,,,,,,,,
841,26401,,GREENWICH,,,,,,,,,,,,
842,26415,,KENSINGTON,,,,,,,,,,,,
843,26459,,GREEENWICH,,,,,,,,,,,,
844,26510,,KENSINGTON,,,,,,,,,,,,
845,26543,,EAST HARTFORD,,,,,,,,,,,,
846,26560,,BARKHAMSTED,,,,,,,,,,,,
847,26569,,,,,452111.0,,,,,,,,,
848,26599,,STAMFORD,,,,,,,,,,,,
849,26636,,VERNON,,,,,,,,,,,,
850,26666,,CHESIRE,,,,,,,,,,,,
851,26695,,GLASTONBURY CT,,,,,,,,,,,,
852,26705,,MIDDLETOWN,,,,,,,,,,,,
853,26745,,NEW HAVEN,,,,,,,,,,,,
854,26746,,GLASTONBURY,,,,,,,,,,,,
855,26771,,NEWINGTOWN,,,,,,,,,,,,
856,26778,,ROWAYTON,,,,,,,,,,,,
857,26794,,SIMSBURY,,,,,,,,,,,,
858,26803,,SATMFORD,,,,,,,,,,,,
859,26822,,,,,211112.0,,,,,,,,,
860,26888,,07410,,,,,,,,,,,,
861,27040,,NEW HAVEN,,,,,,,,,,,,
862,27101,,06614,,,,,,,,,,,,
863,27111,,BARKHAMSTED,,,,,,,,,,,,
864,27169,,LYME,,,,,,,,,,,,
865,27171,,EAST HAVEN,,,,,,,,,,,,
866,27200,,COLLINSVILLE,,,,,,,,,,,,
867,27295,,GLASTONBURY,,,,,,,,,,,,
868,27308,,ESSEX,,,,,,,,,,,,
869,27310,,GLASTONBURY,,,,,,,,,,,,
870,27353,,DANBURY,,,,,,,,,,,,
871,27417,,NEW PRESTON,,,,,,,,,,,,
872,27448,,BURLINTON,,,,,,,,,,,,
873,27484,,ROWAYTON,,,,,,,,,,,,
874,27507,,MANSFIELD,,,,,,,,,,,,
875,27600,,FAIRFIED,,,,,,,,,,,,
876,27622,,GREENWICH,,,,,,,,,,,,
877,27640,,WESTPORT,,,,,,,,,,,,
878,27673,,MIDLETOWN,,,,,,,,,,,,
879,27688,,HADDAM,,,,,,,,,,,,
880,27714,,BARKHAMSTED,,,,,,,,,,,,
881,27775,,SOUTH NORWALK,,,,,,,,,,,,
882,27802,,FAIRFIELD,,,,,,,,,,,,
883,27841,,COLLINSVILLE,,,,,,,,,,,,
884,27852,,WATERFORD,,,,,,,,,,,,
885,27879,,LYME,,,,,,,,,,,,
886,27918,,ROWAYTON,,,,,,,,,,,,
887,27958,,GREENWICH,,,,,,,,,,,,
888,27964,,STONINGTON,,,,,,,,,,,,
889,27972,,GREENWICH,,,,,,,,,,,,
890,27974,,ESSEX,,,,,,,,,,,,
891,27981,,"WEST HARTFORD,",,,,,,,,,,,,
892,28022,,WESTPORT,,,,,,,,,,,,
893,28079,,FAIRFIEL,,,,,,,,,,,,
894,28154,,S WINDSOR,,,,,,,,,,,,
895,28194,,NAPLES,,,,,,,,,,,,
896,28200,,FARMINGTON,,,,,,,,,,,,
897,28242,,,,,,,,,,,,,PeoplesBank,
898,28261,,,,,,,,,,,,,PeoplesBank,
899,28264,,,,,517210.0,,,,,,,,,
900,28273,,STAFFORD,,,,,,,,,,,,
901,28277,,,,,,,,,,,,,PeoplesBank,
902,28280,,GUIFORD,,,,,,,,,,,,
903,28290,,,,,,,,,,,,,PeoplesBank,
904,28311,,WARREN,,,,,,,,,,,,
905,28392,,EAST HAVEN,,,,,,,,,,,,
906,28402,,WARREN,,,,,,,,,,,,
907,28407,,,,,,,,,,,,,PeoplesBank,
908,28436,,NEW PRESTON,,,,,,,,,,,,
909,28439,,NEW HAVEN,,,,,,,,,,,,
910,28491,,"SIMSBURY,",,,,,,,,,,,,
911,28505,,WARREN,,,,,,,,,,,,
912,28572,,COLLINSVILLE,,,,,,,,,,,,
913,28575,,HARTFORD,,,,,,,,,,,,
914,28592,,GRISWOLD,,,,,,,,,,,,
915,28617,,WATERBURY,,,,,,,,,,,,
916,28703,,YALESVILLE,,,,,,,,,,,,
917,28704,,ROWAYTON,,,,,,,,,,,,
918,28708,,NEW HAVEN,,,,,,,,,,,,
919,28713,,HARTFROD,,,,,,,,,,,,
920,28779,,MANCHESTER,,,,,,,,,,,,
921,28792,,BARKHAMSTED,,,,,,,,,,,,
922,28803,,GREENWICH CT,,,,,,,,,,,,
923,28827,,EAST HAVEN,,,,,,,,,,,,
924,28860,,RIDGEFIED,,,,,,,,,,,,
925,28863,,MANCHESTER,,,,,,,,,,,,
926,28917,,NEW HAVEN,,,,,,,,,,,,
927,28933,,BARKHAMSTED,,,,,,,,,,,,
928,28954,,SYED K SHAH,,,,,,,,,,,,
929,28973,,NEW HAVEN,,,,,,,,,,,,
930,28994,,BARKHAMSTED,,,,,,,,,,,,
931,29055,,COLLINSVILLE,,,,,,,,,,,,
932,29103,,"STRATFORD,",,,,,,,,,,,,
933,29162,,EAST HAVEN,,,,,,,,,,,,
934,29164,,NORWALK,,,,,,,,,,,,
935,29252,,GUILFORD,,,,,,,,,,,,
936,29268,,VERNON,,,,,,,,,,,,
937,29282,,STORRS,,,,,,,,,,,,
938,29303,,NEW HAVEN,,,,,,,,,,,,
939,29306,,MYSTIIC,,,,,,,,,,,,
940,29389,,STORRS,,,,,,,,,,,,
941,29447,,HARTFORD,,,,,,,,,,,,
942,29590,,,,,,,,,,,,,,CT -
943,29596,,KENNETH G KAINE,,,,,,,,,,,,
944,29598,,VERNON,,,,,,,,,,,,
945,29606,,WALLILGFORD,,,,,,,,,,,,
946,29628,,EAST HAVEN,,,,,,,,,,,,
947,29716,,VERNON,,,,,,,,,,,,
948,29717,,EAST HAVEN,,,,,,,,,,,,
949,29760,,WATERBURTY,,,,,,,,,,,,
950,29791,,NEWINTON,,,,,,,,,,,,
951,29842,,WATERBURY,,,,,,,,,,,,
952,29848,,SUFFIELD,,,,,,,,,,,,
953,29851,,VERNON,,,,,,,,,,,,
954,29940,,VERNON,,,,,,,,,,,,
955,29951,,W REDDING,,,,,,,,,,,,
956,29956,,WETHERSFIELD CT,,,,,,,,,,,,
957,30079,,WETHERSFIELD,,,,,,,,,,,,
958,30139,,,,,,,,,,,,,,CT -
959,30204,,VERNON,,,,,,,,,,,,
960,30255,,CROMWELL,,,,,,,,,,,,
961,30258,,WEST REDDING,,,,,,,,,,,,
962,30284,,PLANTSVILLE,,,,,,,,,,,,
963,30325,,CHESHIRE,,,,,,,,,,,,
964,30344,,EAST HAVEN,,,,,,,,,,,,
965,30355,,OLD SAYBROOK,,,,,,,,,,,,
966,30395,,HARTFORD,,,,,,,,,,,,
967,30417,,EAST HAVEN,,,,,,,,,,,,
968,30447,,,,,532230.0,,,,,,,,,
969,30476,,HARWINTON,,,,,,,,,,,,
970,30491,,VERNON,,,,,,,,,,,,
971,30532,,EAST HAMPTON CT,,,,,,,,,,,,
972,30533,,STORRS,,,,,,,,,,,,
973,30543,,GROTON,,,,,,,,,,,,
974,30549,,WATERBURY,,,,,,,,,,,,
975,30578,,NEW CANNAN,,,,,,,,,,,,
976,30598,,MONTVILLE,,,,,,,,,,,,
977,30607,,WARREN,,,,,,,,,,,,
978,30622,,GREENWICH / CONNECTICUT,,,,,,,,,,,,
979,30678,,VERNON,,,,,,,,,,,,
980,30687,,,,,,,,,,,,,Citizens Bank,
981,30690,,"WESTPORT, CT",,,,,,,,,,,,
982,30729,,CAROL SCULLY,,,,,,,,,,,,
983,30746,,,,,,,,,,,,,,CT -
984,30811,,GREENWICH,,,,,,,,,,,,
985,30819,,BARKHAMSTED,,,,,,,,,,,,
986,30891,,CT,,,,,,,,,,,,
987,30899,,,,,,,,,,,,,,CT -
988,30973,,,,,452990.0,,,,,,,,,
989,31006,,NES LONDON,,,,,,,,,,,,
990,31061,,WINDHAM,,,,,,,,,,,,
991,31105,,GREENWISH,,,,,,,,,,,,
992,31107,,VERNON,,,,,,,,,,,,
993,31117,,NEW BRITIAN,,,,,,,,,,,,
994,31120,,ROCKY HLLL,,,,,,,,,,,,
995,31150,,POMFRET,,,,,,,,,,,,
996,31172,,YALESVILLE,,,,,,,,,,,,
997,31222,,COLLINSVILLE,,,,,,,,,,,,
998,31227,,KILLINGWORTH,,,,,,,,,,,,
999,31234,,WEST HARTFORD,,,,,,,,,,,,
1000,31246,,NAUGATUK,,,,,,,,,,,,
1001,31257,,VERNON,,,,,,,,,,,,
1002,31323,,WARREN,,,,,,,,,,,,
1003,31343,,N GRANBY,,,,,,,,,,,,
1004,31377,,KENSINGTON,,,,,,,,,,,,
1005,31393,,,,10538.0,,,,,,,,,,CT - 16
1006,31394,,,,,,,,,,,,,,CT -
1007,31403,,N GROSVENORDL,,,,,,,,,,,,
1008,31407,,W HARTFORD,,,,,,,,,,,,
1009,31424,,"CROMWELL,",,,,,,,,,,,,
1010,31469,,VERNON,,,,,,,,,,,,
1011,31507,,06704,,,,,,,,,,,,
1012,31600,,,,,,,,,,,,,,CT -
1013,31611,,LISBON,,,,,,,,,,,,
1014,31614,,BARKHAMSTED,,,,,,,,,,,,
1015,31695,,GRISWOLD,,,,,,,,,,,,
1016,31705,,VERNON,,,,,,,,,,,,
1017,31732,,WINDSOR CT.,,,,,,,,,,,,
1018,31773,,BEACONFALLS,,,,,,,,,,,,
1019,31815,,NEW BRITIAN,,,,,,,,,,,,
1020,31829,,STORRS,,,,,,,,,,,,
1021,31887,,CT,,,,,,,,,,,,
1022,31888,,VERNON,,,,,,,,,,,,
1023,31900,,HARTFORD,,,,,,,,,,,,
1024,31955,,RIDGHEFILED,,,,,,,,,,,,
1025,31994,,STONINGTON,,,,,,,,,,,,
1026,32129,,VERNON,,,,,,,,,,,,
1027,32188,,,,,,,,,,,,,PeoplesBank,
1028,32220,,CLINTON,,,,,,,,,,,,
1029,32221,,TRUMBULL,,,,,,,,,,,,
1030,32282,,VERNON,,,,,,,,,,,,
1031,32287,,NEW HAVEN,,,,,,,,,,,,
1032,32321,,SHELTON,,,,,,,,,,,,
1033,32365,,NEW HAVEN,,,,,,,,,,,,
1034,32420,,FAIRFIELD,,,,,,,,,,,,
1035,32421,,MANSFIELD,,,,,,,,,,,,
1036,32466,,NEW HAVEN,,,,,,,,,,,,
1037,32487,,NEW HAVEN,,,,,,,,,,,,
1038,32491,,,,,513210.0,,,,,,,,,
1039,32512,,UNCASVILLE,,,,,,,,,,,,
1040,32538,,COLLINSVILLE,,,,,,,,,,,,
1041,32561,,VERNON,,,,,,,,,,,,
1042,32577,,NEW HAVEN,,,,,,,,,,,,
1043,32611,,KENSINGTON,,,,,,,,,,,,
1044,32753,,,,,452910.0,,,,,,,,,
1045,32814,,NORTH CANAAN,,,,,,,,,,,,
1046,32816,,CT,,,,,,,,,,,,
1047,32818,,NORTH HAVEN,,,,,,,,,,,,
1048,32835,,MANSFIELD,,,,,,,,,,,,
1049,32919,,HUNTINGTON,,,,,,,,,,,,
1050,32944,,NEW HAVEN,,,,,,,,,,,,
1051,32946,,VERNON,,,,,,,,,,,,
1052,32971,,SOUTHPORT,,,,,,,,,,,,
1053,32994,,TRUMBUJLL,,,,,,,,,,,,
1054,33021,,"WETHERSFIELD,",,,,,,,,,,,,
1055,33058,,,,,,,,,,,,,PeoplesBank,
1056,33066,,COLLINSVILLE,,,,,,,,,,,,
1057,33093,,EAST HAVEN,,,,,,,,,,,,
1058,33101,,ROWAYTON,,,,,,,,,,,,
1059,33146,,WEST HARFORD,,,,,,,,,,,,
1060,33148,,EAST HAVEN,,,,,,,,,,,,
1061,33208,,BROOKFIELD,,,,,,,,,,,,
1062,33227,,VERNON,,,,,,,,,,,,
1063,33249,,BARKHAMSTED,,,,,,,,,,,,
1064,33268,,EAST HAVEN,,,,,,,,,,,,
1065,33321,,GRISWOLD,,,,,,,,,,,,
1066,33380,,WARREN,,,,,,,,,,,,
1067,33406,,UNIONVILLE,,,,,,,,,,,,
1068,33469,,CT,,,,,,,,,,,,
1069,33477,,PROSPECT,,,,,,,,,,,,
1070,33510,,RIDGEFIED,,,,,,,,,,,,
1071,33518,,COLLINSVILLE,,,,,,,,,,,,
1072,33535,,06705,,,,,,,,,,,,
1073,33555,,WITON,,,,,,,,,,,,
1074,33588,,158 MANOR AVE UNIT-1,,,,,,,,,,,,
1075,33591,,LISBON,,,,,,,,,,,,
1076,33605,,VERNON,,,,,,,,,,,,
1077,33684,,NEW HAVEN,,,,,,,,,,,,
1078,33699,,"OLD SAYBROOK, CT 06475",,,,,,,,,,,,
1079,33730,,"NEW BRITAIN,",,,,,,,,,,,,
1080,33733,,,,,532299.0,,,,,,,,,
1081,33771,,06811,,,,,,,,,,,,
1082,33818,,HARTFORD,,,,,,,,,,,,
1083,33831,,NOANK,,,,,,,,,,,,
1084,33873,,SOUHBURY,,,,,,,,,,,,
1085,33920,,KENSINGTON,,,,,,,,,,,,
1086,33922,,NEW HAVEN,,,,,,,,,,,,
1087,33935,,SATMFORD,,,,,,,,,,,,
1088,33966,,STORRS,,,,,,,,,,,,
1089,34040,,GROTOTN,,,,,,,,,,,,
1090,34106,,BERLIN,,,,,,,,,,,,
1091,34140,,,,,323119.0,,,,,,,,,
1092,34195,,STORRS,,,,,,,,,,,,
1093,34200,,EAST  HAVEN,,,,,,,,,,,,
1094,34210,,EAST HAVEN,,,,,,,,,,,,
1095,34278,,WEST HARTFORD,,,,,,,,,,,,
1096,34293,,WESTHARTFORD,,,,,,,,,,,,
1097,34298,,VERNON,,,,,,,,,,,,
1098,34305,,VERNON,,,,,,,,,,,,
1099,34317,,NORTHBRANFORD,,,,,,,,,,,,
1100,34397,,VERNON,,,,,,,,,,,,
1101,34449,,FRANKLIN,,,,,,,,,,,,
1102,34473,,LISBON,,,,,,,,,,,,
1103,34484,,KENSINGTON,,,,,,,,,,,,
1104,34489,,ROWAYTON,,,,,,,,,,,,
1105,34494,,MIDDELTOWN,,,,,,,,,,,,
1106,34505,,KENSINGTON,,,,,,,,,,,,
1107,34511,,MASHANTUCKET,,,,,,,,,,,,
1108,34566,,COLLINSVILLE,,,,,,,,,,,,
1109,34585,,LYYME,,,,,,,,,,,,
1110,34616,,EAST HAVEN,,,,,,,,,,,,
1111,34628,,SOUTHINGTON,,,,,,,,,,,,
1112,34652,,GRISWOLD,,,,,,,,,,,,
1113,34654,,EAST HAVEN,,,,,,,,,,,,
1114,34675,,COLLINSVILLE,,,,,,,,,,,,
1115,34728,,WARREN,,,,,,,,,,,,
1116,34771,,N STONINGTON,,,,,,,,,,,,
1117,34802,,POMFRET,,,,,,,,,,,,
1118,34850,,,,,452990.0,,,,,,,,,
1119,34867,,WESTPORT,,,,,,,,,,,,
1120,34925,,NEW PRESTON,,,,,,,,,,,,
1121,34946,,STORRS,,,,,,,,,,,,
1122,34948,,NEW HAVEN,,,,,,,,,,,,
1123,34979,,NORWAK,,,,,,,,,,,,
1124,35002,,CT,,,,,,,,,,,,
1125,35018,,MYSTIC,,,,,,,,,,,,
1126,35033,,WEST SUFFIELD,,,,,,,,,,,,
1127,35110,,S GLASTONBURY,,,,,,,,,,,,
1128,35119,,VERNON,,,,,,,,,,,,
1129,35215,,DARIEN,,,,,,,,,,,,
1130,35249,,GREENWICH,,,,,,,,,,,,
1131,35270,,GRISWOLD,,,,,,,,,,,,
1132,35370,,CHESHIRE,,,,,,,,,,,,
1133,35416,,BARKHAMSTED,,,,,,,,,,,,
1134,35423,,EASTON,,,,,,,,,,,,
1135,35513,,VERNON,,,,,,,,,,,,
1136,35529,,MONTVILLE,,,,,,,,,,,,
1137,35552,,OAKVILLE,,,,,,,,,,,,
1138,35561,,SO. GLASTONBURY,,,,,,,,,,,,
1139,35587,,MERIDEN,,,,,,,,,,,,
1140,35615,,BRAOD BROOK,,,,,,,,,,,,
1141,35698,,CHESHIRE,,,,,,,,,,,,
1142,35721,,GLASTONBURY,,,,,,,,,,,,
1143,35815,,,,,,,,,,,,,PeoplesBank,
1144,35858,,NEWTOWN,,,,,,,,,,,,
1145,35871,,FARMINTON,,,,,,,,,,,,
1146,35885,,BARKHAMSTED,,,,,,,,,,,,
1147,35909,,LYME,,,,,,,,,,,,
1148,35929,,,,,,,,,,,,,PeoplesBank,
1149,35935,,,,16410.0,,,,,,,,,,CT - 03
1150,36041,,,,,,,,,,,,,PeoplesBank,
1151,36055,,VERNON,,,,,,,,,,,,
1152,36073,,VERNON,,,,,,,,,,,,
1153,36175,,LISBON,,,,,,,,,,,,
1154,36229,,BARKHAMSTED,,,,,,,,,,,,
1155,36253,,,,,454111.0,,,,,,,,,
1156,36279,,KENSINGTTON,,,,,,,,,,,,
1157,36293,,SUFFIELD,,,,,,,,,,,,
1158,36320,,W HARTFORD,,,,,,,,,,,,
1159,36331,,KENSINGTON,,,,,,,,,,,,
1160,36344,,WARREN,,,,,,,,,,,,
1161,36360,,VERNON,,,,,,,,,,,,
1162,36399,,VERNON,,,,,,,,,,,,
1163,36432,,,,,452910.0,,,,,,,,,
1164,36505,,WINDSOR,,,,,,,,,,,,
1165,36512,,NEW HAVEN,,,,,,,,,,,,
1166,36528,,BRIDGEPORT,,,,,,,,,,,,
1167,36556,,SIMSBURY,,,,,,,,,,,,
1168,36621,,06410,,,,,,,,,,,,
1169,36642,,LYME,,,,,,,,,,,,
1170,36691,,VERNON,,,,,,,,,,,,
1171,36729,,WESTPOT,,,,,,,,,,,,
1172,36874,,COLLINSVILLE,,,,,,,,,,,,
1173,36905,,SOMERS,,,,,,,,,,,,
1174,36915,,WEST HARTFORD,,,,,,,,,,,,
1175,36948,,EAST HAVEN,,,,,,,,,,,,
1176,36992,,COLLINSVILLE,,,,,,,,,,,,
1177,37015,,VERNON,,,,,,,,,,,,
1178,37077,,EASTON,,,,,,,,,,,,
1179,37108,,WATERBURY,,,,,,,,,,,,
1180,37134,,,,6430.0,,,,,,,,,,CT -
1181,37141,,WATYERBURY,,,,,,,,,,,,
1182,37144,,GRISWOLD,,,,,,,,,,,,
1183,37172,,GREENWICH,,,,,,,,,,,,
1184,37189,,,,,443111.0,,,,,,,,,
1185,37203,,BRIDGEPORPT,,,,,,,,,,,,
1186,37208,,STORRS,,,,,,,,,,,,
1187,37285,,YALESVILLE,,,,,,,,,,,,
1188,37297,,AMSTON,,,,,,,,,,,,
1189,37312,,,,,452990.0,,,,,,,,,
1190,37326,,WARREN,,,,,,,,,,,,
1191,37331,,MIDDLETOWN,,,,,,,,,,,,
1192,37371,,ROWAYTON,,,,,,,,,,,,
1193,37380,,,,,452111.0,,,,,,,,,
1194,37393,,GREENWICH,,,,,,,,,,,,
1195,37398,,EAST HARTFORD,,,,,,,,,,,,
1196,37413,,ROWAYTON,,,,,,,,,,,,
1197,37452,,NORWALK,,,,,,,,,,,,
1198,37498,,STONINGTON,,,,,,,,,,,,
1199,37514,,GREENWICH,,,,,,,,,,,,
1200,37537,,COLLINSVILLE,,,,,,,,,,,,
1201,37573,,STORRS,,,,,,,,,,,,
1202,37590,,VERNON,,,,,,,,,,,,
1203,37606,,NEW HAVEN,,,,,,,,,,,,
1204,37607,,SO GLASTONBURY,,,,,,,,,,,,
1205,37613,,EAST LYME,,,,,,,,,,,,
1206,37642,,CT,,,,,,,,,,,,
1207,37645,,MANSFIELD,,,,,,,,,,,,
1208,37708,,BRISTOL,,,,,,,,,,,,
1209,37714,,STAMFORD,,,,,,,,,,,,
1210,37769,,"BRIDGEPORT,",,,,,,,,,,,,
1211,37783,,,,,,,,,,,,,PeoplesBank,
1212,37809,,06790,,,,,,,,,,,,
1213,37868,,COLLINSVILLE,,,,,,,,,,,,
1214,37882,,VERNON,,,,,,,,,,,,
1215,37885,,LISBON,,,,,,,,,,,,
1216,37938,,BERLIN,,,,,,,,,,,,
1217,37940,,BROAD BROO,,,,,,,,,,,,
1218,37954,,HARTFORD,,,,,,,,,,,,
1219,37955,,EASATON,,,,,,,,,,,,
1220,37967,,VERNON,,,,,,,,,,,,
1221,37973,,MIANTIC,,,,,,,,,,,,
1222,37984,,KENSINGTON,,,,,,,,,,,,
1223,38006,,,,,,,,,,,,,PeoplesBank,
1224,38008,,LISBON,,,,,,,,,,,,
1225,38073,,WEST HARTFORD,,,,,,,,,,,,
1226,38082,,GLASTONBURY,,,,,,,,,,,,
1227,38110,,,,,,,,,,,,,PeoplesBank,
1228,38124,,WARREN,,,,,,,,,,,,
1229,38127,,", BRIDGEPORT",,,,,,,,,,,,
1230,38150,,NEW HAVEN,,,,,,,,,,,,
1231,38172,,GRISWOLD,,,,,,,,,,,,
1232,38214,,LISBON,,,,,,,,,,,,
1233,38237,,EAST HAVEN,,,,,,,,,,,,
1234,38243,,HARTFORD,,,,,,,,,,,,
1235,38244,,VERNON,,,,,,,,,,,,
1236,38286,,,,,532299.0,,,,,,,,,
1237,38293,,BARKHAMSTED,,,,,,,,,,,,
1238,38342,,,,,,,,,,,,,PeoplesBank,
1239,38408,,"HARTFORD,",,,,,,,,,,,,
1240,38447,,ROWAYTON,,,,,,,,,,,,
1241,38455,,STORRS,,,,,,,,,,,,
1242,38521,,SIMSBURY,,,,,,,,,,,,
1243,38524,,GLASTONBURY CT,,,,,,,,,,,,
1244,38541,,,,,,,,,,,,,,CT -
1245,38577,,BARKHAMSTED,,,,,,,,,,,,
1246,38635,,STORRS,,,,,,,,,,,,
1247,38714,,HARTLAND,,,,,,,,,,,,
1248,38752,,,,,,,,,,,,,,CT -
1249,38818,,CONNECTICUT,,,,,,,,,,,,
1250,38836,,WOLCTT,,,,,,,,,,,,
1251,38852,,GRISWOLD,,,,,,,,,,,,
1252,38881,,"BLOOMFIELD,",,,,,,,,,,,,
1253,38894,,EAST HAVEN,,,,,,,,,,,,
1254,38904,,MONORE,,,,,,,,,,,,
1255,38954,,VERNON,,,,,,,,,,,,
1256,38973,,WATERBURY,,,,,,,,,,,,
1257,39027,,DURHUM,,,,,,,,,,,,
1258,39096,,NEWHAVEN,,,,,,,,,,,,
1259,39100,,,,,,,,,,,,,,CT -
1260,39122,,EAST HAVEN,,,,,,,,,,,,
1261,39154,,HADFORD,,,,,,,,,,,,
1262,39167,,MANSFIELD,,,,,,,,,,,,
1263,39265,,,,,,,,,,,,,,CT -
1264,39282,,,,,541712.0,,,,,,,,,
1265,39320,,VERNON,,,,,,,,,,,,
1266,39336,,KENSINGTON,,,,,,,,,,,,
1267,39342,,GRISWOLD,,,,,,,,,,,,
1268,39368,,SIMMSBURY,,,,,,,,,,,,
1269,39384,,VERNON ROCKVL,,,,,,,,,,,,
1270,39454,,06468,,,,,,,,,,,,
1271,39547,,KENSINGTON,,,,,,,,,,,,
1272,39616,,,,,,,,,,,,,PeoplesBank,
1273,39621,,NEW PRESTON,,,,,,,,,,,,
1274,39628,,SOUTH WINDSOR,,,,,,,,,,,,
1275,39630,,COLLINSVILLE,,,,,,,,,,,,
1276,39655,,MANSFIELD,,,,,,,,,,,,
1277,39705,,COLLINSVILLE,,,,,,,,,,,,
1278,39713,,PLAINFIELD,,,,,,,,,,,,
1279,39718,,BRENTON BROWN,,,,,,,,,,,,
1280,39844,,GLASTONBURY,,,,,,,,,,,,
1281,39861,,ROWAYTON,,,,,,,,,,,,
1282,39878,,VERNON,,,,,,,,,,,,
1283,39895,,,,,,,,,,,,,PeoplesBank,
1284,39918,,"BETHEL,",,,,,,,,,,,,
1285,39934,,06614,,,,,,,,,,,,
1286,39948,,,,,,,,,,,,,Peoples Bank,
1287,39983,,EAST LYME,,,,,,,,,,,,
1288,39986,,06040,,,,,,,,,,,,
1289,40037,,COLLINSVILLE,,,,,,,,,,,,
1290,40049,,NEW PRESTON,,,,,,,,,,,,
1291,40057,,PROSPECT,,,,,,,,,,,,
1292,40091,,BROOKFIELD,,,,,,,,,,,,
1293,40157,,,,,,,,,,,,,,CT -
1294,40176,,DURHAM,,,,,,,,,,,,
1295,40209,,NORTH HAVEN,,,,,,,,,,,,
1296,40252,,,,,,,,,,,,,,CT - 04
1297,40274,,,,65160.0,,,,,,,,,,CT -
1298,40298,,NEW HAVEN,,,,,,,,,,,,
1299,40313,,PLAINVILLE,,,,,,,,,,,,
1300,40319,,MANSFIELD,,,,,,,,,,,,
1301,40357,,KENSINGTON,,,,,,,,,,,,
1302,40365,,WARREN,,,,,,,,,,,,
1303,40404,,BEACON FALLS,,,,,,,,,,,,
1304,40451,,WINDHAM,,,,,,,,,,,,
1305,40459,,SOUTH GLASTONBUR,,,,,,,,,,,,
1306,40480,,NEW HAVEN,,,,,,,,,,,,
1307,40505,,CT,,,,,,,,,,,,
1308,40510,,"GLASTONBURY,",,,,,,,,,,,,
1309,40521,,EAST HAVEN,,,,,,,,,,,,
1310,40529,,BARKHAMSTED,,,,,,,,,,,,
1311,40594,,CANTON,,,,,,,,,,,,
1312,40623,,BRANFORD,,,,,,,,,,,,
1313,40718,,NEW PRESTON,,,,,,,,,,,,
1314,40724,,MIDDLETOWN,,,,,,,,,,,,
1315,40843,,VERNON,,,,,,,,,,,,
1316,40860,,KHANH TRAN,,,,,,,,,,,,
1317,40862,,NOANK,,,,,,,,,,,,
1318,40872,,HADDAM,,,,,,,,,,,,
1319,40886,,VERNON,,,,,,,,,,,,
1320,40909,,HARTFORD,,,,,,,,,,,,
1321,40956,,,,6838.0,,,,,,,,,,
1322,40965,,CT,,,,,,,,,,,,
1323,40997,,NORWALK,,,,,,,,,,,,
1324,41015,,HARTFORD,,,,,,,,,,,,
1325,41089,,,,,,,,,,,,,PeoplesBank,
1326,41116,,KILLINGLY,,,,,,,,,,,,
1327,41117,,,,,,,,,,,,,PeoplesBank,
1328,41126,,N STONINGTON,,,,,,,,,,,,
1329,41128,,BARKHAMSTED,,,,,,,,,,,,
1330,41163,,SOUTH NORWALK,,,,,,,,,,,,
1331,41190,,HARWINTON CT,,,,,,,,,,,,
1332,41289,,CHESHIRE,,,,,,,,,,,,
1333,41315,,STORRS,,,,,,,,,,,,
1334,41335,,RUSS KRAMER,,,,,,,,,,,,
1335,41377,,BARKHAMSTED,,,,,,,,,,,,
1336,41379,,CROMWELL,,,,,,,,,,,,
1337,41412,,VERNON,,,,,,,,,,,,
1338,41429,,CT,,,,,,,,,,,,
1339,41455,,SIMSBURY,,,,,,,,,,,,
1340,41459,,EAST HAVEN,,,,,,,,,,,,
1341,41482,,"WEST HAVEN, CT",,,,,,,,,,,,
1342,41493,,,,,,,,,,,,,PeoplesBank,
1343,41505,,NEWINGTON,,,,,,,,,,,,
1344,41539,,06111,,,,,,,,,,,,
1345,41557,,GLASTONBURY,,,,,,,,,,,,
1346,41612,,KENSINGTON,,,,,,,,,,,,
1347,41615,,BARKHAMSTED,,,,,,,,,,,,
1348,41648,,STORRS,,,,,,,,,,,,
1349,41651,,CANTON,,,,,,,,,,,,
1350,41653,,VERNON,,,,,,,,,,,,
1351,41663,,NEW HAVEN,,,,,,,,,,,,
1352,41833,,MIDDLETOWN,,,,,,,,,,,,
1353,41871,,UNCASVILLE,,,,,,,,,,,,
1354,41928,,,,,,,,,,,,,PeoplesBank,
1355,41940,,CT,,,,,,,,,,,,
1356,42009,,W HAVEN,,,,,,,,,,,,
1357,42043,,NEW HAVEN AND NORTH HAVEN,,,,,,,,,,,,
1358,42076,,PROSPCT,,,,,,,,,,,,
1359,42082,,VERNON ROCKVL,,,,,,,,,,,,
1360,42096,,HARTFORD,,,,,,,,,,,,
1361,42270,,SIMSBURY,,,,,,,,,,,,
1362,42279,,KENSINGTON,,,,,,,,,,,,
1363,42409,,,,,454111.0,,,,,,,,,
1364,42486,,GUILFORD,,,,,,,,,,,,
1365,42528,,MANSFIELD,,,,,,,,,,,,
1366,42679,,TARRIFFVILLE,,,,,,,,,,,,
1367,42700,,GASTONBURY,,,,,,,,,,,,
1368,42770,,VERNON,,,,,,,,,,,,
1369,42774,,VERNON,,,,,,,,,,,,
1370,42795,,SALEM,,,,,,,,,,,,
1371,42806,,COLLINSVILLE,,,,,,,,,,,,
1372,42822,,SOUTHINGTON,,,,,,,,,,,,
1373,42853,,WEESTPORT,,,,,,,,,,,,
1374,42860,,BARKHAMSTED,,,,,,,,,,,,
1375,42861,,NEW HARTFORD,,,,,,,,,,,,
1376,42868,,STORRS,,,,,,,,,,,,
1377,42873,,PLYMOUTH,,,,,,,,,,,,
1378,42881,,HAMDEN,,,,,,,,,,,,
1379,42898,,GUILFORD,,,,,,,,,,,,
1380,42928,,LISBON,,,,,,,,,,,,
1381,42952,,SOUTHINGTON,,,,,,,,,,,,
1382,42959,,NEWTOWN,,,,,,,,,,,,
1383,42970,,HAMDEAN,,,,,,,,,,,,
1384,42975,,BARKHAMSTED,,,,,,,,,,,,
1385,43005,,WINDHAM,,,,,,,,,,,,
1386,43054,,COLLINSVILLE,,,,,,,,,,,,
1387,43121,,VERNON,,,,,,,,,,,,
1388,43125,,WESTPORT,,,,,,,,,,,,
1389,43127,,COLLINSVILLE,,,,,,,,,,,,
1390,43130,,NEW BRITIAN,,,,,,,,,,,,
1391,43156,,GLAQSTONBURY,,,,,,,,,,,,
1392,43161,,RIDGEFIELD CT,,,,,,,,,,,,
1393,43232,,VOLUNTOWN,,,,,,,,,,,,
1394,43246,,NOREWALK,,,,,,,,,,,,
1395,43254,,,,,,,,,,,,,PeoplesBank,
1396,43267,,EAST HAVEN,,,,,,,,,,,,
1397,43302,,"MIDDLETOWN,",,,,,,,,,,,,
1398,43341,,KENSINGTON,,,,,,,,,,,,
1399,43347,,VERNON,,,,,,,,,,,,
1400,43371,,NEW BRITIAN,,,,,,,,,,,,
1401,43374,,NEW HAVEN,,,,,,,,,,,,
1402,43426,,STAMFORS,,,,,,,,,,,,
1403,43446,,KENSINGTON,,,,,,,,,,,,
1404,43486,,EAST HAVEN,,,,,,,,,,,,
1405,43501,,,,,,,,,,,,,Citizens Bank,
1406,43530,,GREENWICH,,,,,,,,,,,,
1407,43548,,ROCKYHILL,,,,,,,,,,,,
1408,43554,,GUILFFORD,,,,,,,,,,,,
1409,43555,,EAST HAVEN,,,,,,,,,,,,
1410,43560,,LYME,,,,,,,,,,,,
1411,43564,,VERNON,,,,,,,,,,,,
1412,43627,,NORTFIELD,,,,,,,,,,,,
1413,43695,,KENSINGTON,,,,,,,,,,,,
1414,43743,,HANDEN,,,,,,,,,,,,
1415,43748,,WARREN,,,,,,,,,,,,
1416,43772,,BERLIN,,,,,,,,,,,,
1417,43778,,NORTH BRENFORD,,,,,,,,,,,,
1418,43793,,PLYMOUTH,,,,,,,,,,,,
1419,43828,,BRISTOL,,,,,,,,,,,,
1420,43837,,VERNON,,,,,,,,,,,,
1421,43843,,KENSINGTON,,,,,,,,,,,,
1422,43879,,GREENWICH,,,,,,,,,,,,
1423,43911,,STORRS,,,,,,,,,,,,
1424,43923,,NEW HAVEN,,,,,,,,,,,,
1425,43930,,EAST HAVEN,,,,,,,,,,,,
1426,43959,,BARKHAMSTED,,,,,,,,,,,,
1427,44086,,"WETHERSFIELD,",,,,,,,,,,,,
1428,44107,,VERNON,,,,,,,,,,,,
1429,44124,,DANBURY,,,,,,,,,,,,
1430,44140,,W HARTFORD,,,,,,,,,,,,
1431,44175,,,,,454113.0,,,,,,,,,
1432,44178,,GREENWICH,,,,,,,,,,,,
1433,44227,,CT,,,,,,,,,,,,
1434,44240,,COOLCHESTER,,,,,,,,,,,,
1435,44330,,REDDING,,,,,,,,,,,,
1436,44332,,WINDSOR,,,,,,,,,,,,
1437,44353,,NEWTOWN,,,,,,,,,,,,
1438,44384,,EAST HAVEN,,,,,,,,,,,,
1439,44394,,,,,,,,,,,,,PeoplesBank,
1440,44395,,,,,,,,,,,,,PeoplesBank,
1441,44414,,WASHINGTON,,,,,,,,,,,,
1442,44489,,VERNON,,,,,,,,,,,,
1443,44514,,VERNON,,,,,,,,,,,,
1444,44567,,CT,,,,,,,,,,,,
1445,44608,,,,,,,,,,,,,PeoplesBank,
1446,44676,,FARMINGTON,,,,,,,,,,,,
1447,44677,,PLAINFIELD,,,,,,,,,,,,
1448,44767,,MILLDALE,,,,,,,,,,,,
1449,44772,,,,,,,,,,,,,PeoplesBank,
1450,44792,,NEW HAVEN,,,,,,,,,,,,
1451,44863,,NORWLK,,,,,,,,,,,,
1452,44889,,CROMWELL,,,,,,,,,,,,
1453,44905,,GLASTONBURY,,,,,,,,,,,,
1454,44924,,,,,,,,,,,,,PeoplesBank,
1455,44934,,W HAVEN,,,,,,,,,,,,
1456,44961,,VERNON,,,,,,,,,,,,
1457,44974,,"MIDDLETOWN,",,,,,,,,,,,,
1458,44999,,VERNON,,,,,,,,,,,,
1459,45031,,,,,454113.0,,,,,,,,,
1460,45047,,NEW HAVEN,,,,,,,,,,,,
1461,45052,,EAST HAVEN,,,,,,,,,,,,
1462,45123,,SEYMOUR,,,,,,,,,,,,
1463,45129,,EAST HAVEN,,,,,,,,,,,,
1464,45304,,BARKHAMSTED,,,,,,,,,,,,
1465,45335,,BARKHAMSTED,,,,,,,,,,,,
1466,45352,,NEW HAVEN,,,,,,,,,,,,
1467,45376,,WALLINGFROD,,,,,,,,,,,,
1468,45386,,"GLASTONBURY,",,,,,,,,,,,,
1469,45408,,VERNON,,,,,,,,,,,,
1470,45416,,MANSFIELD,,,,,,,,,,,,
1471,45453,,EAST HAVEN,,,,,,,,,,,,
1472,45472,,LYME,,,,,,,,,,,,
1473,45478,,COLLINSVILLE,,,,,,,,,,,,
1474,45495,,PLYMOUTH,,,,,,,,,,,,
1475,45608,,WARREN,,,,,,,,,,,,
1476,45616,,GREENWICH,,,,,,,,,,,,
1477,45642,,NEW HAVEN,,,,,,,,,,,,
1478,45644,,SHELTON,,,,,,,,,,,,
1479,45669,,KENSINGTON,,,,,,,,,,,,
1480,45688,,NEW HAVEN,,,,,,,,,,,,
1481,45726,,HARFORD,,,,,,,,,,,,
1482,45746,,NEW HAVEN,,,,,,,,,,,,
1483,45754,,VERNON,,,,,,,,,,,,
1484,45858,,WINDSOR LOCKS,,,,,,,,,,,,
1485,45881,,FALLS VILLAGELLAGE,,,,,,,,,,,,
1486,45886,,VERNON,,,,,,,,,,,,
1487,45932,,,,,,,,,,,,,PeoplesBank,
1488,45945,,HUNTINGTON,,,,,,,,,,,,
1489,46023,,WINDSOR LOCK,,,,,,,,,,,,
1490,46043,,ORANGE,,,,,,,,,,,,
1491,46048,,,,60780.0,,,,,,,,,,CT -
1492,46094,,,,,722110.0,,,,,,,,,
1493,46255,,HARTFORD,,,,,,,,,,,,
1494,46256,,BRANFORD,,,,,,,,,,,,
1495,46305,,EAST HAVEN,,,,,,,,,,,,
1496,46308,,NEWINGTON,,,,,,,,,,,,
1497,46361,,VERNON,,,,,,,,,,,,
1498,46391,,LYME,,,,,,,,,,,,
1499,46395,,,,,452990.0,,,,,,,,,
1500,46406,,NO HAVEN,,,,,,,,,,,,
1501,46462,,NEW HAVEN,,,,,,,,,,,,
1502,46478,,HARTFORD,,,,,,,,,,,,
1503,46557,,EAST HADDAM,,,,,,,,,,,,
1504,46562,,,,,517110.0,,,,,,,,,
1505,46576,,,,,,,,,,,,,PeoplesBank,
1506,46577,,,,,,,,,,,,,PeoplesBank,
1507,46605,,GRISWOLD,,,,,,,,,,,,
1508,46607,,CT,,,,,,,,,,,,
1509,46629,,ROCKY HILL,,,,,,,,,,,,
1510,46634,,WEST HARTFORD,,,,,,,,,,,,
1511,46705,,BARKHAMSTED,,,,,,,,,,,,
1512,46726,,COLLINSVILLE,,,,,,,,,,,,
1513,46796,,,,,452112.0,,,,,,,,,
1514,46812,,COLLINSVILLE,,,,,,,,,,,,
1515,46820,,VERNON,,,,,,,,,,,,
1516,46829,,WETHERSFIELD,,,,,,,,,,,,
1517,46851,,CT,,,,,,,,,,,,
1518,46861,,BRISTOLL,,,,,,,,,,,,
1519,46873,,WASHINGTON,,,,,,,,,,,,
1520,46880,,STAFFORD,,,,,,,,,,,,
1521,46881,,VERNON,,,,,,,,,,,,
1522,46972,,VERNON,,,,,,,,,,,,
1523,46984,,KENSINGTON,,,,,,,,,,,,
1524,46990,,NOANK,,,,,,,,,,,,
1525,47034,,NEW MILFOD,,,,,,,,,,,,
1526,47060,,,,,452990.0,,,,,,,,,
1527,47091,,BARKHAMSTED,,,,,,,,,,,,
1528,47113,,N STONINGTON,,,,,,,,,,,,
1529,47234,,HARTFORD C,,,,,,,,,,,,
1530,47262,,MIDDLETON,,,,,,,,,,,,
1531,47290,,,,,454111.0,,,,,,,,,
1532,47304,,WALLLINGFORD,,,,,,,,,,,,
1533,47306,,NORTH HAVEN,,,,,,,,,,,,
1534,47340,,GREENWICH,,,,,,,,,,,,
1535,47348,,EAST WINDSOR,,,,,,,,,,,,
1536,47441,,,,,532230.0,,,,,,,,,
1537,47462,,ROCKY HILL,,,,,,,,,,,,
1538,47526,,VERNON,,,,,,,,,,,,
1539,47543,,,,,,,,,,,,,PeoplesBank,
1540,47655,,VERNON,,,,,,,,,,,,
1541,47660,,NEW HAVEN,,,,,,,,,,,,
1542,47711,,COLLINSVILLE,,,,,,,,,,,,
1543,47757,,VERNON,,,,,,,,,,,,
1544,47787,,WOODBRIGE,,,,,,,,,,,,
1545,47807,,VERNON,,,,,,,,,,,,
1546,47870,,MIFORD,,,,,,,,,,,,
1547,47904,,NEW PRESTON,,,,,,,,,,,,
1548,47910,,BERLING,,,,,,,,,,,,
1549,47928,,LYME,,,,,,,,,,,,
1550,47946,,,,,,,,,,,,,PeoplesBank,
1551,47963,,GRISWOLD,,,,,,,,,,,,
1552,47974,,WESTPORT,,,,,,,,,,,,
1553,48000,,NORTH HAVEN,,,,,,,,,,,,
1554,48027,,CLINTON,,,,,,,,,,,,
1555,48073,,WEST HAVEN,,,,,,,,,,,,
1556,48097,,BARKHAMSTED,,,,,,,,,,,,
1557,48106,,MERIDEN CT,,,,,,,,,,,,
1558,48138,,KENSINGTON,,,,,,,,,,,,
1559,48181,,CHESIRE,,,,,,,,,,,,
1560,48185,,,,,,,,,,,,,PeoplesBank,
1561,48242,,KENSINGTON,,,,,,,,,,,,
1562,48249,,NORTH BRANFORD CT,,,,,,,,,,,,
1563,48293,,"HIGGANUM, CT",,,,,,,,,,,,
1564,48304,,COLLINSVILLE,,,,,,,,,,,,
1565,48468,,NEW HAVEN,,,,,,,,,,,,
1566,48489,,VERNON,,,,,,,,,,,,
1567,48495,,NEW CANAAN,,,,,,,,,,,,
1568,48545,,NORH HAVEN,,,,,,,,,,,,
1569,48563,,VERNON,,,,,,,,,,,,
1570,48570,,,,,,,,,,,,,PeoplesBank,
1571,48590,,JOHN KYLES,,,,,,,,,,,,
1572,48606,,GALES FERRY,,,,,,,,,,,,
1573,48620,,KENSINGTON,,,,,,,,,,,,
1574,48761,,NEW HAVEN,,,,,,,,,,,,
1575,48783,,WEST HARTFORD,,,,,,,,,,,,
1576,48801,,VERNON,,,,,,,,,,,,
1577,48815,,,,,,,,,,,,,,CT -
1578,48819,,VERNON,,,,,,,,,,,,
1579,48866,,EAST HAVEN,,,,,,,,,,,,
1580,48897,,,,,,,,,,,,,PeoplesBank,
1581,48903,,WATERFORD,,,,,,,,,,,,
1582,48912,,DANBORY,,,,,,,,,,,,
1583,48972,,WARREN,,,,,,,,,,,,
1584,48987,,CROMWELL,,,,,,,,,,,,
1585,49003,,CENTERBROOK,,,,,,,,,,,,
1586,49096,,BARKHAMSTED,,,,,,,,,,,,
1587,49139,,STAFFORD SPGS,,,,,,,,,,,,
1588,49141,,FARMINGTON,,,,,,,,,,,,
1589,49145,,WATERFORD,,,,,,,,,,,,
1590,49163,,BARKHAMSTED,,,,,,,,,,,,
1591,49165,,VERNON,,,,,,,,,,,,
1592,49169,,GULFORD,,,,,,,,,,,,
1593,49235,,VERNON,,,,,,,,,,,,
1594,49236,,NEW HARTFIRD,,,,,,,,,,,,
1595,49252,,STAFFORD,,,,,,,,,,,,
1596,49256,,VERNON,,,,,,,,,,,,
1597,49277,,VERNON,,,,,,,,,,,,
1598,49333,,VERNON,,,,,,,,,,,,
1599,49356,,WETHERSFIELD,,,,,,,,,,,,
1600,49443,,"STAFFORD SPRINGS,",,,,,,,,,,,,
1601,49456,,GREENWICH,,,,,,,,,,,,
1602,49462,,MADISON,,,,,,,,,,,,
1603,49482,,GLASTONBURY,,,,,,,,,,,,
1604,49512,,NEW HAVEN,,,,,,,,,,,,
1605,49516,,"MANCHESTER,",,,,,,,,,,,,
1606,49560,,,,,454113.0,,,,,,,,,
1607,49567,,NEW BRITAIN,,,,,,,,,,,,
1608,49601,,STONINGTON,,,,,,,,,,,,
1609,49624,,WILTON,,,,,,,,,,,,
1610,49649,,NEW HEAVEN,,,,,,,,,,,,
1611,49702,,GROTON,,,,,,,,,,,,
1612,49706,,SIMSBURY,,,,,,,,,,,,
1613,49737,,EAST HAVEN,,,,,,,,,,,,
1614,49763,,HAMDEN,,,,,,,,,,,,
1615,49852,,NEW HAVEN,,,,,,,,,,,,
1616,49855,,NEW BRITTAIN,,,,,,,,,,,,
1617,49858,,VERNON,,,,,,,,,,,,
1618,49874,,W HARTFORD,,,,,,,,,,,,
1619,49879,,VERNON,,,,,,,,,,,,
1620,49887,,HAMDEN,,,,,,,,,,,,
1621,49912,,VERNON,,,,,,,,,,,,
1622,50035,,BRANFORD,,,,,,,,,,,,
1623,50074,,"FARIFIELD,",,,,,,,,,,,,
1624,50081,,WILTON,,,,,,,,,,,,
1625,50084,,HARTFORD,,,,,,,,,,,,
1626,50119,,WOODBRIGE,,,,,,,,,,,,
1627,50143,,VERNON,,,,,,,,,,,,
1628,50151,,OLD SAYBROOK,,,,,,,,,,,,
1629,50206,,KENSINGTON,,,,,,,,,,,,
1630,50212,,KENSINGTON,,,,,,,,,,,,
1631,50232,,EAST NORWALK,,,,,,,,,,,,
1632,50284,,WEST HARDFORD,,,,,,,,,,,,
1633,50308,,WARREN,,,,,,,,,,,,
1634,50313,,EAST HAVEN,,,,,,,,,,,,
1635,50330,,SOUTH WINDSOR,,,,,,,,,,,,
1636,50363,,KILLINGLY,,,,,,,,,,,,
1637,50367,,BEACONFALLS,,,,,,,,,,,,
1638,50399,,EAST HAVEN,,,,,,,,,,,,
1639,50424,,,,8850.0,,,,,,,,,,CT - 12
1640,50456,,STAMFORD  CT,,,,,,,,,,,,
1641,50587,,BRANFORD,,,,,,,,,,,,
1642,50599,,"BRANFORD, CT",,,,,,,,,,,,
1643,50604,,NEW HAVEN,,,,,,,,,,,,
1644,50613,,MANCHESTER,,,,,,,,,,,,
1645,50627,,MANCHESTEE,,,,,,,,,,,,
1646,50634,,,,,,,,,,,,,PeoplesBank,
1647,50661,,,,,541712.0,,,,,,,,,
1648,50677,,E HARTFORD,,,,,,,,,,,,
1649,50679,,VERNON,,,,,,,,,,,,
1650,50696,,VERNON,,,,,,,,,,,,
1651,50699,,WESTBROOK,,,,,,,,,,,,
1652,50726,,"DEEP RIVER, CT",,,,,,,,,,,,
1653,50739,,STORRS,,,,,,,,,,,,
1654,50757,,ROCKYHILL,,,,,,,,,,,,
1655,50765,,,,,454113.0,,,,,,,,,
1656,50822,,VERNON,,,,,,,,,,,,
1657,50824,,VERNON,,,,,,,,,,,,
1658,50828,,NEW PRESTON,,,,,,,,,,,,
1659,50859,,,,,532220.0,,,,,,,,,
1660,50935,,VERNON,,,,,,,,,,,,
1661,50949,,,,,541712.0,,,,,,,,,
1662,50987,,MYSTIC CT,,,,,,,,,,,,
1663,51004,,MANSFIELD,,,,,,,,,,,,
1664,51031,,"PORTLAND,",,,,,,,,,,,,
1665,51036,,SIMSBURY,,,,,,,,,,,,
1666,51074,,SOUTHINGTON,,,,,,,,,,,,
1667,51081,,LYME,,,,,,,,,,,,
1668,51118,,,,,541711.0,,,,,,,,,
1669,51127,,CT,,,,,,,,,,,,
1670,51164,,LISBON,,,,,,,,,,,,
1671,51175,,COLLINSVILLE,,,,,,,,,,,,
1672,51189,,VERNON,,,,,,,,,,,,
1673,51223,,WEST HARTFORD,,,,,,,,,,,,
1674,51296,,COLLINSVILLE,,,,,,,,,,,,
1675,51320,,WATERFORD,,,,,,,,,,,,
1676,51388,,VERNON,,,,,,,,,,,,
1677,51392,,VERNON,,,,,,,,,,,,
1678,51455,,COLLINSVILLE,,,,,,,,,,,,
1679,51468,,COLLINSVILLE,,,,,,,,,,,,
1680,51484,,NOANK,,,,,,,,,,,,
1681,51495,,MILFORD,,,,,,,,,,,,
1682,51498,,WETHERSFIELD,,,,,,,,,,,,
1683,51502,,FARMINGTON,,,,,,,,,,,,
1684,51510,,COLLINSVILLE,,,,,,,,,,,,
1685,51547,,WARREN,,,,,,,,,,,,
1686,51580,,GREENWICH,,,,,,,,,,,,
1687,51582,,BARKHAMSTED,,,,,,,,,,,,
1688,51616,,HUNTINGTON,,,,,,,,,,,,
1689,51633,,"HARTFORD,",,,,,,,,,,,,
1690,51680,,WATERBURY,,,,,,,,,,,,
1691,51683,,LEDYARD,,,,,,,,,,,,
1692,51717,,EAST HAVEN,,,,,,,,,,,,
1693,51747,,NEW HAVEN,,,,,,,,,,,,
1694,51763,,GRISWOLD,,,,,,,,,,,,
1695,51844,,NEWTOWN,,,,,,,,,,,,
1696,51859,,ESAST HAVEN,,,,,,,,,,,,
1697,51881,,VERNON,,,,,,,,,,,,
1698,51914,,MACHESTER,,,,,,,,,,,,
1699,51943,,HUNTINGTON,,,,,,,,,,,,
1700,52038,,WOLCOT,,,,,,,,,,,,
1701,52044,,"WETHERSFIELD,",,,,,,,,,,,,
1702,52089,,COLLINSVILLE,,,,,,,,,,,,
1703,52126,,KELLY BRAGDON,,,,,,,,,,,,
1704,52186,,WILTON,,,,,,,,,,,,
1705,52234,,WARREN,,,,,,,,,,,,
1706,52261,,LYME,,,452111.0,,,,,,,,,
1707,52324,,,,,452990.0,,,,,,,,,
1708,52329,,,,,532230.0,,,,,,,,,
